node,centrality,community,density,eign,betwness,closeness,volatility,name,type,anchor_name
225,6,0,0.1375291375291375,0.0307141111610885,0.0002088573542404,0.2862669245647969,0.0,User_225,stable,
93,7,0,0.1375291375291375,0.0291146995750883,0.0022158951567944,0.3008130081300813,0.0,User_93,stable,
97,8,0,0.1375291375291375,0.0297032446435921,0.0017290449064281,0.2970396387355745,0.0,User_97,stable,
336,8,0,0.1375291375291375,0.0256223627812866,0.0023722805621812,0.2952618453865336,0.0,User_336,stable,
474,8,0,0.1375291375291375,0.0310656274835043,0.0023786445566834,0.3037455105182144,0.0,User_474,stable,
484,8,0,0.1375291375291375,0.0385857365296984,0.0019375036386067,0.3191374663072776,0.0,User_484,stable,
555,8,0,0.1375291375291375,0.0291317083971441,0.0023912981236507,0.30546955624355,0.0,User_555,stable,
622,8,0,0.1375291375291375,0.0262782964679813,0.0009193015850713,0.2936507936507936,0.3333333333333333,User_622,stable,
45,9,0,0.1375291375291375,0.033358625365799,0.0019228224139864,0.3128964059196617,0.0,User_45,stable,
48,9,0,0.1375291375291375,0.0391045177388035,0.0032372520238656,0.3061013443640124,0.0,User_48,stable,
285,9,0,0.1375291375291375,0.0440061643191265,0.0018538450772007,0.3101100052383447,0.3333333333333333,User_285,stable,
381,9,0,0.1375291375291375,0.0434193760502103,0.0026560746334543,0.3125659978880676,0.0,User_381,stable,
559,9,0,0.1375291375291375,0.0354152104617308,0.0012940455898987,0.3165775401069519,0.0,User_559,stable,
595,9,0,0.1375291375291375,0.0336029869526104,0.0035793379399677,0.3037455105182144,0.0,User_595,stable,
596,9,0,0.1375291375291375,0.0335455840243839,0.0019565468964094,0.3150612027674295,0.0,User_596,stable,
16,10,0,0.1375291375291375,0.0328173228588275,0.0034286495125932,0.3194819212088505,0.0,User_16,stable,
32,10,0,0.1375291375291375,0.0329943282794788,0.0034714051455746,0.3119072708113804,0.0,User_32,stable,
63,10,0,0.1375291375291375,0.0322788570629866,0.0035759292372463,0.3157333333333333,0.6666666666666666,User_63,incoming,
116,10,0,0.1375291375291375,0.0404663468080843,0.0017096910911672,0.2994436014162873,0.0,User_116,stable,
176,10,0,0.1375291375291375,0.0328904701170101,0.0019715046176334,0.3124010554089709,0.0,User_176,stable,
178,10,0,0.1375291375291375,0.0374533380722054,0.0021563501607173,0.298989898989899,0.0,User_178,stable,
291,10,0,0.1375291375291375,0.0311895267343508,0.0045238500445192,0.3169164882226981,0.0,User_291,stable,
388,10,0,0.1375291375291375,0.0312861058263108,0.0031747826635593,0.3073727933541018,0.0,User_388,stable,
423,10,0,0.1375291375291375,0.0339928678823677,0.004992517096303,0.3148936170212766,0.0,User_423,stable,
528,10,0,0.1375291375291375,0.0386021131665825,0.001857702017028,0.3051546391752577,0.0,User_528,stable,
554,10,0,0.1375291375291375,0.0389238380489253,0.003477210590613,0.3128964059196617,0.3333333333333333,User_554,outgoing,
600,10,0,0.1375291375291375,0.0373700531225794,0.0051221299568745,0.3227917121046892,0.3333333333333333,User_600,stable,
0,11,0,0.1375291375291375,0.0370563720806431,0.0053562481984868,0.327796234772979,0.0,User_0,stable,
111,11,0,0.1375291375291375,0.043221439519757,0.0044615713640816,0.3242059145673603,0.3333333333333333,User_111,stable,
171,11,0,0.1375291375291375,0.0434918408468223,0.0030200949353002,0.3226158038147139,0.0,User_171,stable,
172,11,0,0.1375291375291375,0.0396595886819663,0.0055723153763382,0.3219140837411637,0.0,User_172,stable,
235,11,0,0.1375291375291375,0.0507338103896364,0.0028968510984336,0.3256325632563256,0.0,User_235,stable,
257,11,0,0.1375291375291375,0.046712671075374,0.0030046088996216,0.3028132992327366,0.0,User_257,stable,
274,11,0,0.1375291375291375,0.0349479090543041,0.0017831758752786,0.30546955624355,0.3333333333333333,User_274,outgoing,
293,11,0,0.1375291375291375,0.0427309526763995,0.003568869951878,0.3150612027674295,0.0,User_293,stable,
393,11,0,0.1375291375291375,0.0439095828110426,0.0031451143008244,0.3159018143009605,0.0,User_393,stable,
410,11,0,0.1375291375291375,0.0338381001707684,0.0039495982446037,0.3133933298041291,1.0,User_410,outgoing,
413,11,0,0.1375291375291375,0.0500092955312549,0.0026977108693521,0.3194819212088505,0.0,User_413,stable,
430,11,0,0.1375291375291375,0.0425924122178451,0.0014953082523402,0.3037455105182144,0.0,User_430,stable,
464,11,0,0.1375291375291375,0.0392271367579313,0.0034015920691184,0.3150612027674295,0.0,User_464,stable,
513,11,0,0.1375291375291375,0.0422686099008482,0.0044029962575266,0.3294379521424596,0.0,User_513,stable,
132,12,0,0.1375291375291375,0.0418496982662281,0.004366033414842,0.3229678123295144,0.0,User_132,stable,
215,12,0,0.1375291375291375,0.0455516079254923,0.0024271959803706,0.3206933911159263,0.0,User_215,stable,
221,12,0,0.1375291375291375,0.0405828073050745,0.0077494394550707,0.3292547274749722,0.0,User_221,stable,
339,12,0,0.1375291375291375,0.0441509668056499,0.0036173076228188,0.3137254901960784,0.6666666666666666,User_339,outgoing,
367,12,0,0.1375291375291375,0.0401712136005266,0.0058405897166295,0.3263506063947078,0.0,User_367,stable,
505,12,0,0.1375291375291375,0.0442310897939137,0.006820949398966,0.3196544276457883,0.0,User_505,stable,
7,13,0,0.1375291375291375,0.0555276523846544,0.0022910163568679,0.3101100052383447,0.0,User_7,stable,
10,13,0,0.1375291375291375,0.0538868788023707,0.0053175412948076,0.3181085437936593,0.0,User_10,stable,
260,13,0,0.1375291375291375,0.0471148746814076,0.0048243569377829,0.3290717065036131,0.6666666666666666,User_260,incoming,
450,13,0,0.1375291375291375,0.0519458613605106,0.0048305210793664,0.3272526257600884,0.0,User_450,stable,
15,14,0,0.1375291375291375,0.0592428452001126,0.0085401564677818,0.3404255319148936,0.0,User_15,stable,
81,14,0,0.1375291375291375,0.0478451331217727,0.0053781552075575,0.327796234772979,0.0,User_81,stable,
99,14,0,0.1375291375291375,0.0440758022091211,0.0076800652160371,0.3375142531356898,0.0,User_99,stable,
123,14,0,0.1375291375291375,0.0510914762690017,0.0056512070209364,0.3316526610644257,0.0,User_123,stable,
193,14,0,0.1375291375291375,0.0555538715432741,0.004562438447649,0.3229678123295144,0.0,User_193,stable,
237,14,0,0.1375291375291375,0.0615306269242105,0.0037841502419283,0.3170862346009641,0.3333333333333333,User_237,stable,
269,14,0,0.1375291375291375,0.0548442130616892,0.0062363924775763,0.3233205898416166,0.0,User_269,stable,
337,14,0,0.1375291375291375,0.0487292122681431,0.0034774066479882,0.3187937533656435,0.0,User_337,stable,
347,14,0,0.1375291375291375,0.053209529660995,0.0065819781692215,0.3226158038147139,0.0,User_347,stable,
134,15,0,0.1375291375291375,0.055792384716423,0.0088832758962022,0.3234972677595628,0.0,User_134,stable,
295,15,0,0.1375291375291375,0.0531344248990202,0.0097846255711979,0.3396442914515203,0.0,User_295,stable,
501,15,0,0.1375291375291375,0.0610339737291091,0.0037061576931028,0.3132275132275132,0.0,User_501,stable,
564,16,0,0.1375291375291375,0.0652041183823428,0.0103849553174454,0.341604154645124,0.0,User_564,stable,
185,17,0,0.1375291375291375,0.0779676913725425,0.0066694858714713,0.3299888517279821,0.0,User_185,stable,
167,18,0,0.1375291375291375,0.0723685710107199,0.0050420045462742,0.3258117776554761,0.3333333333333333,User_167,stable,
51,8,1,0.1389277389277389,0.0273808684747997,0.0010176910048478,0.2933597621407334,0.3333333333333333,User_51,stable,
70,8,1,0.1389277389277389,0.0310568909561439,0.0016171086004376,0.3031233998975934,0.0,User_70,stable,
230,8,1,0.1389277389277389,0.0215705240610687,0.001095088789345,0.2927794263105835,0.0,User_230,stable,
244,8,1,0.1389277389277389,0.0266875824069075,0.0038230886907465,0.3053120165033522,0.0,User_244,stable,
318,8,1,0.1389277389277389,0.0294049733070451,0.0023915162952602,0.301119023397762,0.0,User_318,stable,
352,8,1,0.1389277389277389,0.0246536815860405,0.0009372447185061,0.298989898989899,0.0,User_352,stable,
409,8,1,0.1389277389277389,0.0291470980584326,0.0013549908608458,0.3049974240082432,0.0,User_409,stable,
433,8,1,0.1389277389277389,0.0245985677453091,0.0023780258697105,0.3039014373716632,0.0,User_433,stable,
31,9,1,0.1389277389277389,0.034255042247369,0.001639272162618,0.3039014373716632,0.0,User_31,stable,
82,9,1,0.1389277389277389,0.0252447784314121,0.0026137922475289,0.2977867203219316,0.0,User_82,stable,
182,9,1,0.1389277389277389,0.0312737258709572,0.0023108499670367,0.2982367758186398,0.0,User_182,stable,
311,9,1,0.1389277389277389,0.0291345297026009,0.0010076009780372,0.2991409802930773,0.0,User_311,stable,
411,9,1,0.1389277389277389,0.030323409582048,0.0042115283671866,0.3006602336211275,0.3333333333333333,User_411,stable,
426,9,1,0.1389277389277389,0.0292659509710765,0.000909340636899,0.2943809050223769,0.0,User_426,stable,
428,9,1,0.1389277389277389,0.0349719272146194,0.0037409196052834,0.3143919277748274,0.0,User_428,stable,
455,9,1,0.1389277389277389,0.0345538983944998,0.0021831110096831,0.30546955624355,0.0,User_455,stable,
467,9,1,0.1389277389277389,0.0278141375082397,0.0036387648401053,0.3104352385946513,0.0,User_467,stable,
487,9,1,0.1389277389277389,0.0264867254708743,0.002873096762568,0.3009659379766141,0.0,User_487,stable,
566,9,1,0.1389277389277389,0.0257291803098301,0.0034133407943007,0.3049974240082432,0.0,User_566,stable,
592,9,1,0.1389277389277389,0.0280102814359285,0.005849727501734,0.3059431524547804,0.0,User_592,stable,
173,10,1,0.1389277389277389,0.0308383292617476,0.0023570682745384,0.3017329255861365,0.3333333333333333,User_173,stable,
264,10,1,0.1389277389277389,0.0303838099043673,0.0037451656995834,0.3083333333333333,0.3333333333333333,User_264,outgoing,
278,10,1,0.1389277389277389,0.0277386494581765,0.0052479584040494,0.3083333333333333,0.0,User_278,stable,
373,10,1,0.1389277389277389,0.0314506187776803,0.0032703266611013,0.3132275132275132,0.0,User_373,stable,
389,10,1,0.1389277389277389,0.0339623069707491,0.0024511467528895,0.2991409802930773,0.0,User_389,stable,
400,10,1,0.1389277389277389,0.0340038474040051,0.0040527255340241,0.321215409658166,0.0,User_400,stable,
414,10,1,0.1389277389277389,0.0329233742472062,0.0006988197553168,0.2846153846153846,0.0,User_414,stable,
477,10,1,0.1389277389277389,0.0269353661084853,0.0024198588225829,0.3002028397565923,0.6666666666666666,User_477,incoming,
494,10,1,0.1389277389277389,0.0332571200579049,0.0041126783454594,0.310761154855643,0.0,User_494,stable,
515,10,1,0.1389277389277389,0.0346505019136877,0.0011400735312873,0.3051546391752577,0.0,User_515,stable,
47,11,1,0.1389277389277389,0.0349099733306405,0.0059019404949971,0.3153969099627065,0.0,User_47,stable,
61,11,1,0.1389277389277389,0.0337870678673964,0.0028335933673128,0.3201730665224445,0.0,User_61,stable,
77,11,1,0.1389277389277389,0.0390192779327896,0.0009507755909691,0.3006602336211275,0.0,User_77,stable,
135,11,1,0.1389277389277389,0.046536478499853,0.0036411900310254,0.3165775401069519,0.6666666666666666,User_135,incoming,
314,11,1,0.1389277389277389,0.034202556087996,0.0022263424384515,0.3053120165033522,0.0,User_314,stable,
363,11,1,0.1389277389277389,0.0322524567129792,0.0015121272155311,0.2971887550200803,0.0,User_363,stable,
384,11,1,0.1389277389277389,0.0417550697021739,0.0047279231533664,0.3167469234884965,0.0,User_384,stable,
407,11,1,0.1389277389277389,0.0344166378921893,0.0018819299910788,0.3021949974476773,0.0,User_407,stable,
568,11,1,0.1389277389277389,0.0387319613838372,0.0045133858435023,0.3220892274211099,0.0,User_568,stable,
602,11,1,0.1389277389277389,0.0353869551502029,0.0041622029319453,0.3137254901960784,0.3333333333333333,User_602,stable,
608,11,1,0.1389277389277389,0.032804143066602,0.0051744057053153,0.3076923076923077,0.6666666666666666,User_608,outgoing,
95,12,1,0.1389277389277389,0.0418317801461481,0.0054769888676704,0.3194819212088505,0.0,User_95,stable,
148,12,1,0.1389277389277389,0.0353983005204698,0.0097230532200374,0.3294379521424596,0.0,User_148,stable,
197,12,1,0.1389277389277389,0.0385463979372234,0.0042614207885011,0.3104352385946513,0.0,User_197,stable,
362,12,1,0.1389277389277389,0.0394960385465101,0.0049546438144683,0.3157333333333333,0.0,User_362,stable,
434,12,1,0.1389277389277389,0.0446077475757464,0.0056349892203068,0.3150612027674295,0.0,User_434,stable,
465,12,1,0.1389277389277389,0.036845422674979,0.0067666039086738,0.3215643671917436,0.6666666666666666,User_465,incoming,
508,12,1,0.1389277389277389,0.0371290488730755,0.0080571844210327,0.3222645617855199,0.0,User_508,stable,
527,12,1,0.1389277389277389,0.0359627025407793,0.0051228279386119,0.3120716921454929,0.0,User_527,stable,
14,13,1,0.1389277389277389,0.0453175840553625,0.0045084482364723,0.3150612027674295,0.0,User_14,stable,
17,13,1,0.1389277389277389,0.0417877882187448,0.0037473458291475,0.3132275132275132,0.0,User_17,stable,
60,13,1,0.1389277389277389,0.0393784668301318,0.005122203743028,0.3160704751735184,0.0,User_60,stable,
142,13,1,0.1389277389277389,0.0456868650191672,0.0022619197483597,0.3075324675324675,0.0,User_142,stable,
328,13,1,0.1389277389277389,0.0489180820423062,0.0050069577163449,0.3242059145673603,0.0,User_328,stable,
392,13,1,0.1389277389277389,0.0361791886137482,0.0067457704933035,0.3148936170212766,0.0,User_392,stable,
421,13,1,0.1389277389277389,0.0421175651431339,0.0152607707283337,0.3445867287543655,0.0,User_421,stable,
479,13,1,0.1389277389277389,0.0399837041731896,0.0070044275948672,0.3227917121046892,0.0,User_479,stable,
584,13,1,0.1389277389277389,0.0427729805281366,0.0065555744169491,0.3132275132275132,0.0,User_584,stable,
315,14,1,0.1389277389277389,0.053475740929716,0.006158846745423,0.3215643671917436,0.0,User_315,stable,
543,14,1,0.1389277389277389,0.0454500604226087,0.0055430258753998,0.3138918345705196,0.0,User_543,stable,
635,14,1,0.1389277389277389,0.0456238446528739,0.0058699436625467,0.3261707988980716,0.3333333333333333,User_635,incoming,
112,15,1,0.1389277389277389,0.0451776155642579,0.0050997365319316,0.3072132848988064,0.0,User_112,stable,
234,15,1,0.1389277389277389,0.0461208957905194,0.0054990318733268,0.3165775401069519,0.3333333333333333,User_234,stable,
370,15,1,0.1389277389277389,0.0504409904269785,0.0101989767522767,0.327796234772979,0.0,User_370,stable,
181,17,1,0.1389277389277389,0.0526979254717251,0.0145990644854255,0.3375142531356898,0.0,User_181,stable,
639,17,1,0.1389277389277389,0.0561476695430945,0.0069178977859577,0.3261707988980716,0.3333333333333333,User_639,incoming,
377,7,2,0.1500256016385048,0.0229820366011167,0.001389072061192,0.3059431524547804,0.3333333333333333,User_377,stable,
227,8,2,0.1500256016385048,0.0441537962710329,0.001146918009229,0.3094615786722425,0.0,User_227,stable,
330,8,2,0.1500256016385048,0.0257982469514354,0.002010640207778,0.2995951417004048,0.3333333333333333,User_330,stable,
439,8,2,0.1500256016385048,0.0273300106152127,0.0034099242433465,0.3128964059196617,0.0,User_439,stable,
500,8,2,0.1500256016385048,0.0320823956434461,0.0014258554792907,0.2974874371859296,0.0,User_500,stable,
613,8,2,0.1500256016385048,0.0259430111121885,0.0033773150650272,0.30546955624355,0.3333333333333333,User_613,stable,
298,9,2,0.1500256016385048,0.0411406867155844,0.0019600290189002,0.310272536687631,0.0,User_298,stable,
391,9,2,0.1500256016385048,0.040495603339818,0.0006884718896549,0.2971887550200803,0.0,User_391,stable,
511,9,2,0.1500256016385048,0.0391386782221643,0.0005058984647611,0.2971887550200803,0.0,User_511,stable,
597,9,2,0.1500256016385048,0.0298690082798211,0.0024129131080759,0.308172826652785,0.0,User_597,stable,
146,10,2,0.1500256016385048,0.0395850084243977,0.0005152336551648,0.2983870967741935,0.0,User_146,stable,
159,10,2,0.1500256016385048,0.0349915272203499,0.0031428841960366,0.3140583554376658,0.3333333333333333,User_159,outgoing,
206,10,2,0.1500256016385048,0.0512041214840231,0.0005817191757339,0.3031233998975934,0.3333333333333333,User_206,stable,
286,10,2,0.1500256016385048,0.0411227463289453,0.0031830607535381,0.3125659978880676,0.0,User_286,stable,
343,10,2,0.1500256016385048,0.041654301662289,0.0017331458455227,0.3110877561744614,0.3333333333333333,User_343,stable,
463,10,2,0.1500256016385048,0.0379733051804672,0.0024655959415449,0.3104352385946513,0.6666666666666666,User_463,outgoing,
497,10,2,0.1500256016385048,0.0379974891768909,0.0021388826437783,0.3175965665236051,0.0,User_497,stable,
547,10,2,0.1500256016385048,0.0392638560932462,0.0016280883704909,0.3045267489711934,0.6666666666666666,User_547,stable,
558,10,2,0.1500256016385048,0.0440981357833762,0.0010667990775054,0.3080124869927159,0.3333333333333333,User_558,stable,
590,10,2,0.1500256016385048,0.0347382674386397,0.0052749236176767,0.3191374663072776,0.3333333333333333,User_590,outgoing,
604,10,2,0.1500256016385048,0.0410666634333231,0.0017694245107746,0.3117430226434965,0.3333333333333333,User_604,stable,
3,11,2,0.1500256016385048,0.0474899485745899,0.0042383486593423,0.3220892274211099,0.0,User_3,stable,
19,11,2,0.1500256016385048,0.0420176380544207,0.0045279952191677,0.317937701396348,0.0,User_19,stable,
34,11,2,0.1500256016385048,0.0376865190396342,0.0048474872001653,0.3233205898416166,0.0,User_34,stable,
96,11,2,0.1500256016385048,0.041585463193965,0.0016591283787265,0.310598111227702,0.0,User_96,stable,
200,11,2,0.1500256016385048,0.0428376000288054,0.0023720271641456,0.311578947368421,0.3333333333333333,User_200,stable,
277,11,2,0.1500256016385048,0.0535021668107804,0.0012417559699075,0.3157333333333333,0.0,User_277,stable,
280,11,2,0.1500256016385048,0.0382027907329509,0.0068994815104644,0.3245614035087719,0.0,User_280,stable,
342,11,2,0.1500256016385048,0.0453586026075622,0.0023003521828069,0.3130618720253834,0.3333333333333333,User_342,stable,
475,11,2,0.1500256016385048,0.0442238417280078,0.0018190636546034,0.301119023397762,0.0,User_475,stable,
506,11,2,0.1500256016385048,0.0409393994123078,0.0042115835505045,0.3160704751735184,0.0,User_506,stable,
534,11,2,0.1500256016385048,0.041615719918921,0.0020574820324887,0.3122362869198312,0.0,User_534,stable,
629,11,2,0.1500256016385048,0.0378410332751355,0.0029844070696279,0.311578947368421,0.3333333333333333,User_629,incoming,
33,12,2,0.1500256016385048,0.0452257459547761,0.0030066886050424,0.3122362869198312,0.0,User_33,stable,
226,12,2,0.1500256016385048,0.0452856324413987,0.0017888588684403,0.3120716921454929,0.0,User_226,stable,
273,12,2,0.1500256016385048,0.0446371652994451,0.0036452063462625,0.3119072708113804,0.0,User_273,stable,
281,12,2,0.1500256016385048,0.0401996659353863,0.0034502445998451,0.317426273458445,0.3333333333333333,User_281,stable,
294,12,2,0.1500256016385048,0.0458991037619063,0.0059491378705125,0.311578947368421,0.0,User_294,stable,
316,12,2,0.1500256016385048,0.0471883970607515,0.0039496133752119,0.3226158038147139,0.0,User_316,stable,
438,12,2,0.1500256016385048,0.053891393418989,0.0035318472308338,0.3305415968732552,0.0,User_438,stable,
502,12,2,0.1500256016385048,0.0438562555302393,0.0054132228988519,0.3256325632563256,0.0,User_502,stable,
507,12,2,0.1500256016385048,0.039055998776797,0.0053790803006542,0.3238512035010941,0.0,User_507,stable,
593,12,2,0.1500256016385048,0.0429602577020325,0.0036474554609691,0.3137254901960784,0.0,User_593,stable,
43,13,2,0.1500256016385048,0.0457418910866004,0.0072102079697631,0.3258117776554761,0.0,User_43,stable,
71,13,2,0.1500256016385048,0.0483925272396216,0.0090553310709065,0.3359818388195232,0.0,User_71,stable,
108,13,2,0.1500256016385048,0.05063174971776,0.004994635512424,0.3320246775098149,0.0,User_108,stable,
122,13,2,0.1500256016385048,0.0455299440155688,0.0097941273616846,0.3307262569832402,0.0,User_122,stable,
552,13,2,0.1500256016385048,0.0600727653534338,0.0046964172768278,0.3259911894273127,0.0,User_552,stable,
612,13,2,0.1500256016385048,0.0470826086133731,0.0077482121392355,0.3323975294778215,0.3333333333333333,User_612,stable,
642,13,2,0.1500256016385048,0.0471917493510821,0.0052060149723179,0.3210412147505423,0.3333333333333333,User_642,incoming,
21,14,2,0.1500256016385048,0.0574622392438273,0.006871925359737,0.3208672086720867,0.0,User_21,stable,
163,14,2,0.1500256016385048,0.0587139753674205,0.0066641684481563,0.3227917121046892,0.3333333333333333,User_163,outgoing,
321,14,2,0.1500256016385048,0.0527481647702406,0.0043965916390835,0.3215643671917436,0.0,User_321,stable,
424,14,2,0.1500256016385048,0.0524269607248468,0.0069094027307316,0.3274336283185841,0.0,User_424,stable,
615,14,2,0.1500256016385048,0.0480137542818037,0.0067093556771897,0.3250961010433827,0.3333333333333333,User_615,stable,
13,15,2,0.1500256016385048,0.053079846364572,0.0070718843296865,0.3290717065036131,0.0,User_13,stable,
170,15,2,0.1500256016385048,0.0615507910469335,0.0058814413259565,0.3307262569832402,0.0,User_170,stable,
334,15,2,0.1500256016385048,0.0519348067452307,0.006396673891974,0.3120716921454929,0.0,User_334,stable,
386,15,2,0.1500256016385048,0.045541600870459,0.0083526389255482,0.3329583802024747,0.0,User_386,stable,
49,16,2,0.1500256016385048,0.0541833587421854,0.011133638947772,0.3406214039125431,0.0,User_49,stable,
222,16,2,0.1500256016385048,0.0627010688737293,0.0120588650957467,0.341604154645124,0.0,User_222,stable,
451,16,2,0.1500256016385048,0.0711496450921721,0.0101159499922778,0.3369379624359704,0.0,User_451,stable,
462,17,2,0.1500256016385048,0.0587738137178072,0.0148188838263016,0.3492625368731563,0.6666666666666666,User_462,incoming,
11,7,3,0.1413690476190476,0.0213472682337011,0.0008614890532505,0.3049974240082432,0.0,User_11,stable,
138,7,3,0.1413690476190476,0.0257938252674423,0.0017891019911771,0.3089770354906054,0.0,User_138,stable,
239,7,3,0.1413690476190476,0.0271263558071362,0.0007239289221819,0.3002028397565923,0.3333333333333333,User_239,outgoing,
395,8,3,0.1413690476190476,0.029152246944672,0.0029924202664485,0.3020408163265306,0.0,User_395,stable,
447,8,3,0.1413690476190476,0.0238148987823192,0.001575587878639,0.2971887550200803,0.0,User_447,stable,
449,8,3,0.1413690476190476,0.0262872101273267,0.0016255943233951,0.3020408163265306,0.0,User_449,stable,
504,8,3,0.1413690476190476,0.029039878252996,0.0016479987060076,0.3014256619144603,0.0,User_504,stable,
551,8,3,0.1413690476190476,0.0258799703865401,0.0002256261915564,0.2929242949035131,0.0,User_551,stable,
579,8,3,0.1413690476190476,0.0227940150185928,0.0015262475513326,0.3017329255861365,0.0,User_579,stable,
271,9,3,0.1413690476190476,0.0324060183222574,0.0012985770448655,0.309299895506792,0.0,User_271,stable,
371,9,3,0.1413690476190476,0.0269393546566909,0.0022716735903671,0.3014256619144603,0.0,User_371,stable,
514,9,3,0.1413690476190476,0.0235554445852167,0.0011678241242924,0.2949676133532636,0.0,User_514,stable,
588,9,3,0.1413690476190476,0.0312923560148183,0.0030103659954775,0.3091383812010443,0.0,User_588,stable,
618,9,3,0.1413690476190476,0.0281104595768546,0.00081996043606,0.2940884252359662,0.3333333333333333,User_618,stable,
636,9,3,0.1413690476190476,0.0277085337872569,0.0026282814789297,0.3127311146328579,0.3333333333333333,User_636,incoming,
149,10,3,0.1413690476190476,0.0390825045148848,0.0018037591158931,0.3234972677595628,0.0,User_149,stable,
164,10,3,0.1413690476190476,0.0322668309338821,0.0033833762919352,0.3097854526425955,0.0,User_164,stable,
250,10,3,0.1413690476190476,0.0324576058576148,0.0014788729269253,0.3009659379766141,0.0,User_250,stable,
258,10,3,0.1413690476190476,0.036991179576255,0.0028311906267539,0.3097854526425955,0.0,User_258,stable,
282,10,3,0.1413690476190476,0.0349974423221468,0.0015184420516465,0.3104352385946513,0.0,User_282,stable,
297,10,3,0.1413690476190476,0.036158839659434,0.0025762603639621,0.3067357512953368,0.0,User_297,stable,
348,10,3,0.1413690476190476,0.0317399068080368,0.0031875020241559,0.3059431524547804,0.0,User_348,stable,
419,10,3,0.1413690476190476,0.030283904132264,0.00368397998484,0.3048403707518022,0.0,User_419,stable,
485,10,3,0.1413690476190476,0.0333182553157166,0.0022776447851191,0.3034341363403383,0.0,User_485,stable,
526,10,3,0.1413690476190476,0.0294284396740525,0.0029597760983741,0.3120716921454929,0.0,User_526,stable,
536,10,3,0.1413690476190476,0.0373814985175819,0.001400008880259,0.3076923076923077,0.0,User_536,stable,
556,10,3,0.1413690476190476,0.0338194747847988,0.0013383281064724,0.3057851239669421,0.0,User_556,stable,
557,10,3,0.1413690476190476,0.0324901252943413,0.0042082182817992,0.32,0.3333333333333333,User_557,stable,
4,11,3,0.1413690476190476,0.0332585995714114,0.0023701538774265,0.3032786885245901,0.0,User_4,stable,
35,11,3,0.1413690476190476,0.044576254135019,0.0037097057038515,0.3110877561744614,0.3333333333333333,User_35,outgoing,
54,11,3,0.1413690476190476,0.0304710007715293,0.0046493460300787,0.3148936170212766,0.0,User_54,stable,
66,11,3,0.1413690476190476,0.0326304026208373,0.0040640959163979,0.3114150447133088,0.0,User_66,stable,
98,11,3,0.1413690476190476,0.0321461953531114,0.002069264544802,0.3128964059196617,0.0,User_98,stable,
180,11,3,0.1413690476190476,0.0384804581392009,0.0039284502809309,0.3153969099627065,0.0,User_180,stable,
263,11,3,0.1413690476190476,0.0423705500456418,0.0095424430347855,0.3236741388737015,0.0,User_263,stable,
406,11,3,0.1413690476190476,0.0387973454631772,0.0017237651946608,0.3075324675324675,0.0,User_406,stable,
483,11,3,0.1413690476190476,0.0349173485766087,0.0022251086901038,0.3101100052383447,0.0,User_483,stable,
585,11,3,0.1413690476190476,0.0371019477336992,0.005402989310645,0.3201730665224445,0.0,User_585,stable,
84,12,3,0.1413690476190476,0.0444474485121588,0.0018424812372323,0.3189655172413793,0.0,User_84,stable,
313,12,3,0.1413690476190476,0.0368861029192144,0.0056009089579067,0.3247394404827208,0.0,User_313,stable,
333,12,3,0.1413690476190476,0.0392419322139031,0.0048434656589007,0.3240284619594964,0.0,User_333,stable,
335,12,3,0.1413690476190476,0.0413605715069566,0.0033660780959091,0.321215409658166,0.0,User_335,stable,
368,12,3,0.1413690476190476,0.0350019956601825,0.0044736605212156,0.3135593220338983,0.0,User_368,stable,
448,12,3,0.1413690476190476,0.0452531068766934,0.0041068837498869,0.3234972677595628,0.0,User_448,stable,
503,12,3,0.1413690476190476,0.047963400040136,0.0047257762609634,0.3233205898416166,0.0,User_503,stable,
529,12,3,0.1413690476190476,0.0331817228376074,0.0042085075818232,0.3208672086720867,0.0,User_529,stable,
586,12,3,0.1413690476190476,0.0365426548789922,0.0055831820057793,0.3198271204754186,0.0,User_586,stable,
614,12,3,0.1413690476190476,0.0464112866616118,0.002686990759697,0.3205197617758527,0.3333333333333333,User_614,stable,
643,12,3,0.1413690476190476,0.0376879181025641,0.0037716549058475,0.3224400871459695,0.3333333333333333,User_643,incoming,
79,13,3,0.1413690476190476,0.0405113957983109,0.0022673284447388,0.3243835616438356,0.0,User_79,stable,
113,13,3,0.1413690476190476,0.0456001369660672,0.0054450408705238,0.3268912203202651,0.3333333333333333,User_113,outgoing,
207,13,3,0.1413690476190476,0.0408085380338909,0.0037769387561438,0.317426273458445,0.0,User_207,stable,
231,13,3,0.1413690476190476,0.0419665038582818,0.0059092760699206,0.3333333333333333,0.0,User_231,stable,
270,13,3,0.1413690476190476,0.0410779787692079,0.0069051228012394,0.3309111235326998,0.0,User_270,stable,
307,13,3,0.1413690476190476,0.0473242628984196,0.0019841522648756,0.3160704751735184,0.0,User_307,stable,
525,13,3,0.1413690476190476,0.0421514699785943,0.0073347729228835,0.3329583802024747,0.0,User_525,stable,
537,13,3,0.1413690476190476,0.0450137957716551,0.0061109684392535,0.3299888517279821,0.6666666666666666,User_537,stable,
637,13,3,0.1413690476190476,0.03990052251702,0.0043339829292525,0.3333333333333333,0.3333333333333333,User_637,incoming,
117,14,3,0.1413690476190476,0.0470414162308718,0.0019110314660184,0.3130618720253834,0.0,User_117,stable,
539,14,3,0.1413690476190476,0.0409788821971275,0.0032256460159284,0.3135593220338983,0.0,User_539,stable,
143,15,3,0.1413690476190476,0.0540484464185676,0.011476232435707,0.3327712197863968,0.0,User_143,stable,
86,16,3,0.1413690476190476,0.0510639874042118,0.0077043717900497,0.3287062742920599,0.0,User_86,stable,
630,18,3,0.1413690476190476,0.0549477689221983,0.010117116191049,0.3398392652123995,0.3333333333333333,User_630,incoming,
126,20,3,0.1413690476190476,0.0682938485839313,0.0124086385513398,0.3437862950058072,0.0,User_126,stable,
42,6,4,0.1560490940970192,0.022346876144567,0.0006345440097551,0.2954091816367265,0.3333333333333333,User_42,stable,
550,6,4,0.1560490940970192,0.0208158217362427,0.0001996496418222,0.2857142857142857,0.3333333333333333,User_550,stable,
9,7,4,0.1560490940970192,0.0268119740333841,0.0030225407455307,0.2983870967741935,0.3333333333333333,User_9,stable,
85,7,4,0.1560490940970192,0.0277347456979219,0.0008767954569614,0.2907662082514735,0.6666666666666666,User_85,stable,
174,7,4,0.1560490940970192,0.0246560244337925,0.0011075878757266,0.2980866062437059,0.0,User_174,stable,
199,7,4,0.1560490940970192,0.0226329974942966,0.0009635090188182,0.2851637764932562,0.3333333333333333,User_199,stable,
137,8,4,0.1560490940970192,0.0252074308742279,0.0014602545377718,0.2964446670005007,0.3333333333333333,User_137,stable,
208,8,4,0.1560490940970192,0.0255459593748393,0.0011375716318936,0.2946739671478347,0.3333333333333333,User_208,stable,
345,8,4,0.1560490940970192,0.0276986286088606,0.0014888330776087,0.2964446670005007,0.6666666666666666,User_345,stable,
418,8,4,0.1560490940970192,0.0249595009087675,0.0009581875406039,0.2864054184808902,0.3333333333333333,User_418,stable,
628,8,4,0.1560490940970192,0.0363704239429192,0.001303029923334,0.2982367758186398,0.3333333333333333,User_628,incoming,
40,9,4,0.1560490940970192,0.0376209686327051,0.0017355038171014,0.3088158581116327,0.3333333333333333,User_40,stable,
139,9,4,0.1560490940970192,0.0284672536088726,0.0018125669804694,0.2992922143579373,0.3333333333333333,User_139,stable,
366,9,4,0.1560490940970192,0.0304667132816477,0.0012218441093058,0.2979365878208354,0.3333333333333333,User_366,stable,
488,9,4,0.1560490940970192,0.0319291112137305,0.0028339746985123,0.3177670424047236,0.3333333333333333,User_488,stable,
532,9,4,0.1560490940970192,0.0323634117151985,0.0014256652561692,0.2994436014162873,0.0,User_532,stable,
582,9,4,0.1560490940970192,0.0400564474310167,0.0020527642777396,0.3122362869198312,0.3333333333333333,User_582,stable,
378,10,4,0.1560490940970192,0.0377284727968966,0.0022485757744203,0.3159018143009605,0.3333333333333333,User_378,stable,
521,10,4,0.1560490940970192,0.0321062885052181,0.0021770944943755,0.3083333333333333,0.3333333333333333,User_521,stable,
631,10,4,0.1560490940970192,0.0389356162354489,0.0010366527380958,0.300507614213198,0.6666666666666666,User_631,incoming,
69,11,4,0.1560490940970192,0.0395845745184354,0.0022844915829967,0.3177670424047236,0.3333333333333333,User_69,stable,
129,11,4,0.1560490940970192,0.0342304517704568,0.0017133804241736,0.3043701799485861,0.0,User_129,stable,
195,11,4,0.1560490940970192,0.0391147429641818,0.0043594771123109,0.3110877561744614,0.3333333333333333,User_195,stable,
322,11,4,0.1560490940970192,0.0378702790663137,0.002032074518704,0.3018867924528302,0.6666666666666666,User_322,stable,
382,11,4,0.1560490940970192,0.0331301964135629,0.0046312871448993,0.3043701799485861,0.3333333333333333,User_382,stable,
470,11,4,0.1560490940970192,0.0386107063338529,0.0030792809624679,0.306576903158985,0.6666666666666666,User_470,outgoing,
517,11,4,0.1560490940970192,0.0483920462162352,0.0041390421917782,0.3122362869198312,0.6666666666666666,User_517,stable,
575,11,4,0.1560490940970192,0.0453731633761337,0.0012632818009137,0.3117430226434965,0.3333333333333333,User_575,stable,
22,12,4,0.1560490940970192,0.0414091150185081,0.0078064460931598,0.3193096008629989,0.3333333333333333,User_22,stable,
154,12,4,0.1560490940970192,0.0412821343471084,0.0034587353455571,0.3122362869198312,0.0,User_154,stable,
165,12,4,0.1560490940970192,0.0458300319335699,0.0049740028288986,0.3165775401069519,0.3333333333333333,User_165,stable,
192,12,4,0.1560490940970192,0.0435775070566599,0.0030082971377275,0.3135593220338983,0.6666666666666666,User_192,stable,
218,12,4,0.1560490940970192,0.0419375500290069,0.0069538197842912,0.3249176728869374,0.3333333333333333,User_218,stable,
268,12,4,0.1560490940970192,0.0480962001042265,0.0032098368070033,0.3215643671917436,0.3333333333333333,User_268,outgoing,
276,12,4,0.1560490940970192,0.0369005522602955,0.0032832235679047,0.3172561629153269,1.0,User_276,incoming,
283,12,4,0.1560490940970192,0.040582420789614,0.0054452218435438,0.3135593220338983,0.0,User_283,stable,
344,12,4,0.1560490940970192,0.0449620191865302,0.0031350906888609,0.309299895506792,0.0,User_344,stable,
356,12,4,0.1560490940970192,0.0446322458509272,0.0055905749925967,0.3215643671917436,0.3333333333333333,User_356,stable,
429,12,4,0.1560490940970192,0.0404698506229691,0.0052965910628838,0.327796234772979,0.0,User_429,stable,
471,12,4,0.1560490940970192,0.0403659588381444,0.0014659234505357,0.2983870967741935,0.6666666666666666,User_471,stable,
478,12,4,0.1560490940970192,0.044385524512998,0.0043799679263067,0.3252747252747253,0.3333333333333333,User_478,stable,
491,12,4,0.1560490940970192,0.0376812454212897,0.0026736026513528,0.3088158581116327,0.0,User_491,stable,
520,12,4,0.1560490940970192,0.0401323743042296,0.0018772311007772,0.3080124869927159,0.3333333333333333,User_520,stable,
620,12,4,0.1560490940970192,0.0393898628876,0.0048033080953492,0.321215409658166,0.6666666666666666,User_620,stable,
90,13,4,0.1560490940970192,0.046740553154187,0.0022659823985298,0.3145589798087141,0.0,User_90,stable,
121,13,4,0.1560490940970192,0.0429056844781504,0.0049235647675037,0.3114150447133088,0.0,User_121,stable,
130,13,4,0.1560490940970192,0.0401942214527801,0.0030736394994731,0.3155650319829424,0.3333333333333333,User_130,stable,
166,13,4,0.1560490940970192,0.0542976119776698,0.0053838855160092,0.3285238623751387,0.3333333333333333,User_166,stable,
303,13,4,0.1560490940970192,0.0466115908845528,0.0042573839643002,0.3229678123295144,0.3333333333333333,User_303,stable,
359,13,4,0.1560490940970192,0.0487703661040545,0.0014490747627628,0.3132275132275132,0.3333333333333333,User_359,stable,
523,13,4,0.1560490940970192,0.0455806807580018,0.0059380751698458,0.3296213808463251,0.3333333333333333,User_523,stable,
633,13,4,0.1560490940970192,0.048872914400269,0.0066495523313447,0.3172561629153269,0.6666666666666666,User_633,incoming,
53,15,4,0.1560490940970192,0.0654118552070722,0.0031148453116655,0.3167469234884965,0.3333333333333333,User_53,stable,
150,15,4,0.1560490940970192,0.0522184226023811,0.0049349972077009,0.3205197617758527,0.3333333333333333,User_150,stable,
179,15,4,0.1560490940970192,0.0590420526777571,0.0054427371225529,0.3298050139275766,0.6666666666666666,User_179,stable,
587,15,4,0.1560490940970192,0.060016568914355,0.0054005228712984,0.3172561629153269,0.0,User_587,stable,
625,15,4,0.1560490940970192,0.0588897520957454,0.0038403204549442,0.3222645617855199,0.6666666666666666,User_625,incoming,
638,15,4,0.1560490940970192,0.0658767692215979,0.0049238507263653,0.3320246775098149,1.0,User_638,incoming,
229,16,4,0.1560490940970192,0.0519165940461763,0.0106014355559404,0.3361726291879613,0.3333333333333333,User_229,stable,
476,6,5,0.1836734693877551,0.0239625708663686,0.0011795143763373,0.2879377431906614,0.0,User_476,stable,
364,7,5,0.1836734693877551,0.0283283940079946,0.0004623963444973,0.2917693445046821,0.6666666666666666,User_364,stable,
38,8,5,0.1836734693877551,0.0301786195838767,0.0013490021720648,0.2968906720160481,0.0,User_38,stable,
397,8,5,0.1836734693877551,0.0255439584100863,0.0017165870206553,0.3037455105182144,0.0,User_397,stable,
627,8,5,0.1836734693877551,0.0237182231348033,0.0026031776353618,0.2951146560319043,0.3333333333333333,User_627,incoming,
57,9,5,0.1836734693877551,0.0289824161383614,0.0022761708492604,0.2965931863727455,0.0,User_57,stable,
58,9,5,0.1836734693877551,0.0313625897715239,0.0020491070256755,0.3015792154865002,0.0,User_58,stable,
177,9,5,0.1836734693877551,0.0268570618460726,0.0044763979857688,0.3067357512953368,0.6666666666666666,User_177,outgoing,
351,9,5,0.1836734693877551,0.0316826280611551,0.0044851521584062,0.3021949974476773,0.0,User_351,stable,
415,9,5,0.1836734693877551,0.0408765666774756,0.001427729544578,0.294234592445328,0.0,User_415,stable,
623,9,5,0.1836734693877551,0.0346016281798797,0.0010528706874739,0.2973380210949272,0.3333333333333333,User_623,incoming,
44,10,5,0.1836734693877551,0.0500562273172622,0.0022019410309146,0.3059431524547804,0.0,User_44,stable,
68,10,5,0.1836734693877551,0.0368032380477916,0.0018762627744052,0.2980866062437059,0.0,User_68,stable,
214,10,5,0.1836734693877551,0.0389661430525358,0.0038924937268969,0.3162393162393162,0.3333333333333333,User_214,stable,
238,10,5,0.1836734693877551,0.033639630592377,0.0031449353931457,0.3124010554089709,0.0,User_238,stable,
312,10,5,0.1836734693877551,0.0372498549144095,0.0027846435895331,0.2939424031777557,0.3333333333333333,User_312,outgoing,
329,10,5,0.1836734693877551,0.0325347836437016,0.0039587051422808,0.3114150447133088,0.0,User_329,stable,
346,10,5,0.1836734693877551,0.0336190220916533,0.0032240895485867,0.3062596999482669,0.3333333333333333,User_346,outgoing,
376,10,5,0.1836734693877551,0.0314481425386702,0.001858606411543,0.2991409802930773,0.0,User_376,stable,
380,10,5,0.1836734693877551,0.0323715531717363,0.0020893843733942,0.3043701799485861,0.0,User_380,stable,
387,10,5,0.1836734693877551,0.0335884588786638,0.0024975047313135,0.3029682702149437,0.6666666666666666,User_387,outgoing,
472,10,5,0.1836734693877551,0.0414741736203234,0.0044856119944791,0.306576903158985,0.0,User_472,stable,
509,10,5,0.1836734693877551,0.0386342955865748,0.0027583624292048,0.3067357512953368,0.0,User_509,stable,
621,10,5,0.1836734693877551,0.0390213815009903,0.0027541979936292,0.3187937533656435,0.3333333333333333,User_621,stable,
272,11,5,0.1836734693877551,0.0342741003039892,0.0065566474906632,0.3243835616438356,0.3333333333333333,User_272,outgoing,
361,11,5,0.1836734693877551,0.0378489371191514,0.00512004499635,0.3259911894273127,0.0,User_361,stable,
498,11,5,0.1836734693877551,0.0331308795754903,0.0022841753709478,0.3088158581116327,0.0,User_498,stable,
581,11,5,0.1836734693877551,0.0451944303856546,0.0044868028286905,0.3162393162393162,0.0,User_581,stable,
617,11,5,0.1836734693877551,0.0508888040849178,0.0058263966278644,0.3181085437936593,0.3333333333333333,User_617,stable,
46,12,5,0.1836734693877551,0.0463240780281294,0.0045497294178372,0.3119072708113804,0.0,User_46,stable,
74,12,5,0.1836734693877551,0.0500517560761788,0.0038383732041429,0.3114150447133088,0.0,User_74,stable,
133,12,5,0.1836734693877551,0.0499395762160327,0.0037470919371887,0.3182795698924731,0.0,User_133,stable,
279,12,5,0.1836734693877551,0.0494088284622152,0.004567842110746,0.3314669652855543,0.0,User_279,stable,
360,12,5,0.1836734693877551,0.0393000883665671,0.00477092340015,0.3184507799892415,0.0,User_360,stable,
372,12,5,0.1836734693877551,0.0399855593303649,0.0039814928421215,0.3014256619144603,0.0,User_372,stable,
541,12,5,0.1836734693877551,0.0347666664870048,0.0040381925648075,0.3133933298041291,0.0,User_541,stable,
152,13,5,0.1836734693877551,0.0448831718320178,0.0025787056291438,0.301119023397762,0.0,User_152,stable,
186,13,5,0.1836734693877551,0.0483365853534964,0.0033663905454482,0.3083333333333333,0.0,User_186,stable,
308,13,5,0.1836734693877551,0.0456035506736043,0.0046826698152812,0.3250961010433827,0.0,User_308,stable,
468,13,5,0.1836734693877551,0.0494971472847835,0.0053070462374867,0.3184507799892415,0.3333333333333333,User_468,stable,
549,13,5,0.1836734693877551,0.0532846289045892,0.0070617159959714,0.3215643671917436,0.0,User_549,stable,
267,14,5,0.1836734693877551,0.0534754330789089,0.0062292916114708,0.3265306122448979,0.0,User_267,stable,
287,14,5,0.1836734693877551,0.0500491648732858,0.0111009674446052,0.3220892274211099,0.0,User_287,stable,
320,14,5,0.1836734693877551,0.0588731953968226,0.0044554325762416,0.3125659978880676,0.0,User_320,stable,
443,14,5,0.1836734693877551,0.0458108145948519,0.0037087854572446,0.3165775401069519,0.0,User_443,stable,
510,14,5,0.1836734693877551,0.0621699609839433,0.0044593741777906,0.32,0.0,User_510,stable,
102,15,5,0.1836734693877551,0.0516328258677986,0.0054719610329489,0.3194819212088505,0.3333333333333333,User_102,outgoing,
340,15,5,0.1836734693877551,0.0574639215934042,0.0072613798016786,0.3238512035010941,0.0,User_340,stable,
469,15,5,0.1836734693877551,0.0567864659284928,0.0070422907949299,0.3229678123295144,0.3333333333333333,User_469,outgoing,
545,5,6,0.3029556650246305,0.0121353514010182,0.0001400143054967,0.2723091076356945,0.0,User_545,stable,
104,6,6,0.3029556650246305,0.0177831225180642,0.0014070982951687,0.2859903381642512,0.0,User_104,stable,
616,7,6,0.3029556650246305,0.0216194731347071,0.0004636423426073,0.2781954887218045,0.3333333333333333,User_616,stable,
641,8,6,0.3029556650246305,0.0204862024115003,0.0002785479816852,0.2774133083411434,0.3333333333333333,User_641,incoming,
201,9,6,0.3029556650246305,0.0282171201960193,0.0019478564712213,0.2936507936507936,0.0,User_201,stable,
446,9,6,0.3029556650246305,0.0265137080599969,0.001986378611296,0.2897699461576113,0.3333333333333333,User_446,outgoing,
482,9,6,0.3029556650246305,0.0309423241261477,0.0034674819666525,0.3048403707518022,0.0,User_482,stable,
519,9,6,0.3029556650246305,0.0244133671807935,0.0039635477811175,0.3051546391752577,0.0,User_519,stable,
524,9,6,0.3029556650246305,0.0226182099140555,0.0019677122871008,0.2924901185770751,0.0,User_524,stable,
12,10,6,0.3029556650246305,0.0313842263088401,0.0025876661686949,0.300507614213198,0.0,User_12,stable,
147,10,6,0.3029556650246305,0.0248172680538362,0.0013626329217558,0.2837967401725791,0.0,User_147,stable,
533,10,6,0.3029556650246305,0.0294676125634345,0.0068191606873299,0.299746835443038,0.3333333333333333,User_533,stable,
589,10,6,0.3029556650246305,0.0258963591431459,0.0069177618589079,0.3039014373716632,0.0,User_589,stable,
87,11,6,0.3029556650246305,0.026942753135307,0.004221361548135,0.2910521140609636,0.0,User_87,stable,
103,11,6,0.3029556650246305,0.0299397497946191,0.0013238461488343,0.2914820285573609,0.3333333333333333,User_103,outgoing,
247,11,6,0.3029556650246305,0.0292213843849369,0.0024416077012509,0.2943809050223769,0.0,User_247,stable,
253,11,6,0.3029556650246305,0.0332307130202982,0.0035215878220693,0.3104352385946513,0.0,User_253,stable,
256,11,6,0.3029556650246305,0.0329816276315778,0.0026015495239648,0.2992922143579373,0.3333333333333333,User_256,stable,
284,11,6,0.3029556650246305,0.0346238147227759,0.004117548962339,0.3135593220338983,0.0,User_284,stable,
326,11,6,0.3029556650246305,0.039387018758835,0.0026227126393875,0.3068947641264904,0.0,User_326,stable,
331,11,6,0.3029556650246305,0.0294956920996967,0.0030596256253412,0.2998986828774063,0.0,User_331,stable,
404,11,6,0.3029556650246305,0.0256325647213198,0.0024173736594809,0.2917693445046821,0.0,User_404,stable,
50,12,6,0.3029556650246305,0.0288813581011387,0.004763665322562,0.301119023397762,0.0,User_50,stable,
202,12,6,0.3029556650246305,0.0331993691706058,0.0023554868983739,0.2983870967741935,0.0,User_202,stable,
390,12,6,0.3029556650246305,0.0351267844284285,0.0060557216559904,0.3153969099627065,0.0,User_390,stable,
420,12,6,0.3029556650246305,0.0333813897829301,0.0036482313644846,0.3046834791559444,0.0,User_420,stable,
457,13,6,0.3029556650246305,0.0360609266320736,0.0064679123409566,0.3064182194616977,0.0,User_457,stable,
518,15,6,0.3029556650246305,0.0382633842958513,0.0109622975106744,0.3177670424047236,0.0,User_518,stable,
577,16,6,0.3029556650246305,0.0394165242240341,0.003662748911068,0.3031233998975934,0.0,User_577,stable,
538,6,7,0.1446327683615819,0.0268087723243695,0.0007628850773093,0.293069306930693,0.0,User_538,stable,
213,7,7,0.1446327683615819,0.0214264065228576,0.0022176776324237,0.3032786885245901,0.0,User_213,stable,
114,8,7,0.1446327683615819,0.0299857902382508,0.0013066481784925,0.3035897435897436,0.0,User_114,stable,
220,8,7,0.1446327683615819,0.0302982563161354,0.0022231679317627,0.3119072708113804,0.0,User_220,stable,
301,8,7,0.1446327683615819,0.0275942786793109,0.0021697353230043,0.2970396387355745,0.0,User_301,stable,
435,8,7,0.1446327683615819,0.0250418268332338,0.0015102664236581,0.3046834791559444,0.3333333333333333,User_435,stable,
442,8,7,0.1446327683615819,0.0252593844146243,0.0023353878077449,0.3072132848988064,0.0,User_442,stable,
454,8,7,0.1446327683615819,0.0288479882924817,0.0038165695631351,0.3124010554089709,0.0,User_454,stable,
563,8,7,0.1446327683615819,0.0305052400948259,0.0018895489774566,0.3006602336211275,0.0,User_563,stable,
594,8,7,0.1446327683615819,0.0204138157183323,0.0038570789323056,0.3009659379766141,0.0,User_594,stable,
598,8,7,0.1446327683615819,0.0237462607358472,0.0018287384703492,0.3020408163265306,0.0,User_598,stable,
619,8,7,0.1446327683615819,0.0251812842151556,0.000724124637785,0.2880778588807786,0.3333333333333333,User_619,stable,
119,9,7,0.1446327683615819,0.0272376015418661,0.0032802195389907,0.3247394404827208,0.0,User_119,stable,
353,9,7,0.1446327683615819,0.0319876070955374,0.0026141794393491,0.3068947641264904,0.0,User_353,stable,
480,9,7,0.1446327683615819,0.034920907289705,0.0015789299644128,0.2884990253411306,0.0,User_480,stable,
499,9,7,0.1446327683615819,0.024425691737533,0.003159228353049,0.2962962962962963,0.0,User_499,stable,
583,9,7,0.1446327683615819,0.0241307393690237,0.0038707461016893,0.3043701799485861,0.0,User_583,stable,
601,9,7,0.1446327683615819,0.0308475581664151,0.0035125064216679,0.3059431524547804,0.3333333333333333,User_601,stable,
5,10,7,0.1446327683615819,0.0319465866880679,0.0031119838749991,0.3165775401069519,0.3333333333333333,User_5,outgoing,
23,10,7,0.1446327683615819,0.029849967317675,0.0015068844281021,0.299746835443038,0.0,User_23,stable,
106,10,7,0.1446327683615819,0.0326049126147607,0.003932082430936,0.3159018143009605,0.0,User_106,stable,
217,10,7,0.1446327683615819,0.0278180448955509,0.0039188120360692,0.3072132848988064,0.0,User_217,stable,
275,10,7,0.1446327683615819,0.04298965683132,0.0045215746595411,0.325453545904343,0.0,User_275,stable,
323,10,7,0.1446327683615819,0.0355852455709423,0.0018634647688015,0.3000506842372022,0.0,User_323,stable,
324,10,7,0.1446327683615819,0.0417697984223947,0.0019576570763777,0.3110877561744614,0.0,User_324,stable,
355,10,7,0.1446327683615819,0.0374386061322488,0.0013333592509121,0.3043701799485861,0.0,User_355,stable,
444,10,7,0.1446327683615819,0.0277379263434317,0.0067215773944559,0.3150612027674295,0.0,User_444,stable,
466,10,7,0.1446327683615819,0.0339735145336228,0.0070490558404059,0.3220892274211099,0.0,User_466,stable,
580,10,7,0.1446327683615819,0.0359882963177301,0.0009384319198904,0.2952618453865336,0.3333333333333333,User_580,stable,
101,11,7,0.1446327683615819,0.0297764588665234,0.0034452790292188,0.3057851239669421,0.3333333333333333,User_101,stable,
204,11,7,0.1446327683615819,0.0343986733184847,0.0059536731265709,0.3242059145673603,0.0,User_204,stable,
492,11,7,0.1446327683615819,0.037128513709715,0.0047613653263841,0.3089770354906054,0.0,User_492,stable,
624,11,7,0.1446327683615819,0.0336352693196995,0.0057893701784282,0.3142250530785562,0.6666666666666666,User_624,incoming,
640,11,7,0.1446327683615819,0.0323601241029029,0.0067251387093888,0.3127311146328579,0.3333333333333333,User_640,incoming,
30,12,7,0.1446327683615819,0.0343377459168089,0.0087361547772708,0.3208672086720867,0.0,User_30,stable,
76,12,7,0.1446327683615819,0.0456180771716322,0.0024613138048504,0.3070539419087137,0.3333333333333333,User_76,stable,
161,12,7,0.1446327683615819,0.0370042225240256,0.0060397265048806,0.3240284619594964,0.0,User_161,stable,
233,12,7,0.1446327683615819,0.0430759197846379,0.0042741580062105,0.3206933911159263,0.0,User_233,stable,
288,12,7,0.1446327683615819,0.0525191110937523,0.0059466463335269,0.3287062742920599,0.3333333333333333,User_288,stable,
310,12,7,0.1446327683615819,0.0441442633157994,0.0045563569278648,0.3135593220338983,0.0,User_310,stable,
398,12,7,0.1446327683615819,0.0482210731790245,0.0021033742160887,0.3089770354906054,0.0,User_398,stable,
516,12,7,0.1446327683615819,0.0382811795517057,0.0046029702391239,0.3150612027674295,0.0,User_516,stable,
565,12,7,0.1446327683615819,0.0392838796939692,0.0057737509654033,0.3270718232044199,0.3333333333333333,User_565,outgoing,
20,13,7,0.1446327683615819,0.0392922567961535,0.0063207162372618,0.3236741388737015,0.0,User_20,stable,
72,13,7,0.1446327683615819,0.0467878842908048,0.0069599612237082,0.3318385650224215,0.0,User_72,stable,
196,13,7,0.1446327683615819,0.0454359516361509,0.0046172052145806,0.3175965665236051,0.0,User_196,stable,
305,13,7,0.1446327683615819,0.0435152183033793,0.0080563043299825,0.3285238623751387,0.0,User_305,stable,
394,13,7,0.1446327683615819,0.0416106387618221,0.0084428314747105,0.3222645617855199,0.0,User_394,stable,
427,13,7,0.1446327683615819,0.0469000025802574,0.0037402515320612,0.3322109988776655,0.0,User_427,stable,
437,13,7,0.1446327683615819,0.0465633446467318,0.0047044036268049,0.3267108167770419,0.0,User_437,stable,
574,13,7,0.1446327683615819,0.041671093030374,0.0053418695983956,0.3258117776554761,0.0,User_574,stable,
26,14,7,0.1446327683615819,0.056079178016525,0.0053538786196908,0.3283416528008874,0.0,User_26,stable,
168,14,7,0.1446327683615819,0.0560197594638785,0.0038490415871692,0.3143919277748274,0.0,User_168,stable,
265,14,7,0.1446327683615819,0.0426542626379048,0.0057876131107939,0.3312814773363178,0.0,User_265,stable,
300,14,7,0.1446327683615819,0.0426133829725792,0.0055187706467029,0.3193096008629989,0.0,User_300,stable,
319,14,7,0.1446327683615819,0.0384341665739523,0.0115084174837895,0.3252747252747253,0.0,User_319,stable,
365,14,7,0.1446327683615819,0.0482609219979506,0.0084650051911133,0.3331457512661789,0.0,User_365,stable,
540,14,7,0.1446327683615819,0.0527488427256454,0.0054354461609449,0.3259911894273127,0.0,User_540,stable,
535,15,7,0.1446327683615819,0.0501163757683025,0.0129462614909186,0.337129840546697,0.0,User_535,stable,
567,15,7,0.1446327683615819,0.0535508653175765,0.0055878971244862,0.3361726291879613,0.0,User_567,stable,
144,6,8,0.3227513227513227,0.0232002261641814,0.0011861502405513,0.2728110599078341,0.0,User_144,stable,
338,7,8,0.3227513227513227,0.0337514839457268,0.0002212990947887,0.2775433661509611,0.0,User_338,stable,
441,7,8,0.3227513227513227,0.0460293716673077,0.0004022149358761,0.2758620689655172,0.0,User_441,stable,
189,8,8,0.3227513227513227,0.0344936518041148,0.0013394635927629,0.2964446670005007,0.0,User_189,stable,
416,8,8,0.3227513227513227,0.0305734969936194,0.0007923079797096,0.2686025408348457,0.0,User_416,stable,
610,8,8,0.3227513227513227,0.0406652759344245,0.000301689822082,0.2793770646531383,0.3333333333333333,User_610,stable,
52,9,8,0.3227513227513227,0.0374992263595559,0.002235770757389,0.2832535885167464,0.0,User_52,stable,
88,9,8,0.3227513227513227,0.0295265618331934,0.0045666965567544,0.2848893166506256,0.0,User_88,stable,
127,9,8,0.3227513227513227,0.0417782771977482,0.0005636637687238,0.2785882352941176,0.0,User_127,stable,
158,9,8,0.3227513227513227,0.0407466132612898,0.003681739945746,0.2992922143579373,0.3333333333333333,User_158,outgoing,
369,9,8,0.3227513227513227,0.0379204276569328,0.0016505806388268,0.2920572274296991,0.0,User_369,stable,
425,9,8,0.3227513227513227,0.0551098442693285,0.0019107076157238,0.2861285645239246,0.0,User_425,stable,
453,9,8,0.3227513227513227,0.0357548495817391,0.0019194421056923,0.2883584997564539,0.3333333333333333,User_453,stable,
632,9,8,0.3227513227513227,0.0431625330601492,0.0022637832867479,0.2945273631840796,0.3333333333333333,User_632,incoming,
18,10,8,0.3227513227513227,0.0447034508115902,0.0023991832911366,0.2872392042697719,0.0,User_18,stable,
606,10,8,0.3227513227513227,0.0417780590938143,0.0022139930156332,0.2939424031777557,0.3333333333333333,User_606,stable,
100,11,8,0.3227513227513227,0.0458196148108155,0.0036093871880071,0.3012722646310432,0.0,User_100,stable,
254,11,8,0.3227513227513227,0.0497803997966687,0.0008266341306904,0.2812351543942993,0.3333333333333333,User_254,stable,
544,11,8,0.3227513227513227,0.0512108456417406,0.0022943897979035,0.306576903158985,0.0,User_544,stable,
417,12,8,0.3227513227513227,0.0512013109416101,0.0033648908684629,0.3032786885245901,0.0,User_417,stable,
560,12,8,0.3227513227513227,0.0692915176983402,0.0014451280998379,0.2995951417004048,0.0,User_560,stable,
634,12,8,0.3227513227513227,0.0581727303778024,0.0026406201422623,0.287378640776699,0.3333333333333333,User_634,incoming,
156,13,8,0.3227513227513227,0.0568816171543627,0.004542718630424,0.30546955624355,0.3333333333333333,User_156,stable,
522,13,8,0.3227513227513227,0.0505806135451455,0.0050226971220476,0.2976370035193564,0.3333333333333333,User_522,stable,
573,13,8,0.3227513227513227,0.0649538403208741,0.0022992204567954,0.2952618453865336,0.0,User_573,stable,
644,14,8,0.3227513227513227,0.0587291522382294,0.0083663238186151,0.3285238623751387,0.3333333333333333,User_644,incoming,
125,15,8,0.3227513227513227,0.0655555556789808,0.0065289937076176,0.3133933298041291,0.0,User_125,stable,
157,15,8,0.3227513227513227,0.0596515461415352,0.0059152637219743,0.30546955624355,0.0,User_157,stable,
607,6,9,0.1604010025062656,0.0293800208561277,0.001484404993538,0.2961480740370185,0.6666666666666666,User_607,stable,
259,8,9,0.1604010025062656,0.032032013275671,0.001219518082735,0.3021949974476773,0.3333333333333333,User_259,stable,
292,8,9,0.1604010025062656,0.0302779178553284,0.0017097059287054,0.3043701799485861,0.0,User_292,stable,
461,8,9,0.1604010025062656,0.0329032163663009,0.0013605018496669,0.3051546391752577,0.3333333333333333,User_461,stable,
486,8,9,0.1604010025062656,0.0344410343402413,0.000778604221064,0.2961480740370185,0.0,User_486,stable,
531,8,9,0.1604010025062656,0.0371849489316929,0.0002779008124984,0.2907662082514735,0.3333333333333333,User_531,stable,
59,9,9,0.1604010025062656,0.0340140629184786,0.0020645542773508,0.3109243697478991,0.0,User_59,stable,
219,9,9,0.1604010025062656,0.0288018677418685,0.0020663685057794,0.310598111227702,0.6666666666666666,User_219,stable,
309,9,9,0.1604010025062656,0.0333644601244851,0.0031641203166554,0.3062596999482669,0.0,User_309,stable,
332,9,9,0.1604010025062656,0.032563755417866,0.0017470211301778,0.3020408163265306,0.3333333333333333,User_332,outgoing,
2,10,9,0.1604010025062656,0.0371546116756584,0.0028707962976432,0.3165775401069519,0.3333333333333333,User_2,stable,
27,10,9,0.1604010025062656,0.0324420980830034,0.0018982955335996,0.3172561629153269,0.3333333333333333,User_27,stable,
64,10,9,0.1604010025062656,0.0417764106190671,0.0013445787816831,0.3091383812010443,0.6666666666666666,User_64,stable,
83,10,9,0.1604010025062656,0.0457039585056014,0.0021127321548415,0.3203463203463203,0.6666666666666666,User_83,stable,
155,10,9,0.1604010025062656,0.0408570681303768,0.0023153345615718,0.309299895506792,0.0,User_155,stable,
224,10,9,0.1604010025062656,0.0454781037332828,0.0032322891999588,0.3227917121046892,0.3333333333333333,User_224,stable,
240,10,9,0.1604010025062656,0.0502423538499819,0.0026697724423156,0.3247394404827208,0.3333333333333333,User_240,stable,
242,10,9,0.1604010025062656,0.0410198836094266,0.0013365798164924,0.3177670424047236,0.6666666666666666,User_242,stable,
341,10,9,0.1604010025062656,0.0344890881406658,0.0036418346260173,0.3181085437936593,0.6666666666666666,User_341,stable,
402,10,9,0.1604010025062656,0.034541264950457,0.0022100828738413,0.3132275132275132,0.0,User_402,stable,
561,10,9,0.1604010025062656,0.0378416380572982,0.0033970289185694,0.3201730665224445,0.6666666666666666,User_561,stable,
578,10,9,0.1604010025062656,0.0375271700121652,0.0031152065802655,0.3109243697478991,0.3333333333333333,User_578,stable,
599,10,9,0.1604010025062656,0.0351368918338813,0.0050846429437261,0.3206933911159263,0.0,User_599,stable,
78,11,9,0.1604010025062656,0.0415234332890758,0.0039620780385775,0.3147262094630516,0.3333333333333333,User_78,stable,
107,11,9,0.1604010025062656,0.0357798359961793,0.0026905551612658,0.3142250530785562,0.6666666666666666,User_107,stable,
169,11,9,0.1604010025062656,0.0402263744546275,0.0046857993728248,0.3145589798087141,0.3333333333333333,User_169,stable,
198,11,9,0.1604010025062656,0.0353941867819018,0.0033326419996087,0.3143919277748274,0.6666666666666666,User_198,stable,
243,11,9,0.1604010025062656,0.038609525140852,0.0028218043756701,0.3167469234884965,0.6666666666666666,User_243,stable,
245,11,9,0.1604010025062656,0.0478024406448669,0.0025260252886003,0.3153969099627065,0.0,User_245,stable,
306,11,9,0.1604010025062656,0.0433730651460705,0.0085752762609968,0.328159645232816,0.3333333333333333,User_306,stable,
357,11,9,0.1604010025062656,0.0446072881389123,0.0032094441911498,0.3181085437936593,0.6666666666666666,User_357,stable,
412,11,9,0.1604010025062656,0.0375731435334694,0.0057394099202145,0.3236741388737015,0.0,User_412,stable,
481,11,9,0.1604010025062656,0.041769104315796,0.0029660448154103,0.32,0.3333333333333333,User_481,stable,
572,11,9,0.1604010025062656,0.0517658155992293,0.0018808464500156,0.3078523140925637,0.3333333333333333,User_572,stable,
25,12,9,0.1604010025062656,0.0428738222457633,0.0030680046606666,0.3201730665224445,0.3333333333333333,User_25,stable,
67,12,9,0.1604010025062656,0.0433594192519783,0.0061860678666393,0.3382857142857143,0.3333333333333333,User_67,stable,
175,12,9,0.1604010025062656,0.0514343159731063,0.0041867429221265,0.3256325632563256,0.3333333333333333,User_175,stable,
232,12,9,0.1604010025062656,0.0438660789530979,0.0054396680407154,0.3267108167770419,0.6666666666666666,User_232,stable,
236,12,9,0.1604010025062656,0.0576546975721682,0.00532119465464,0.3165775401069519,0.3333333333333333,User_236,stable,
383,12,9,0.1604010025062656,0.0451130070393734,0.0026909738646602,0.3114150447133088,0.0,User_383,stable,
445,12,9,0.1604010025062656,0.0461686899444836,0.0031904631686074,0.3112513144058885,0.3333333333333333,User_445,stable,
569,12,9,0.1604010025062656,0.062333944476692,0.0019330523471391,0.3114150447133088,0.3333333333333333,User_569,stable,
91,13,9,0.1604010025062656,0.0448621594145733,0.0059110453994329,0.3148936170212766,0.3333333333333333,User_91,stable,
110,13,9,0.1604010025062656,0.0547728448114187,0.0014060561579225,0.2992922143579373,0.3333333333333333,User_110,stable,
188,13,9,0.1604010025062656,0.0495584601721961,0.0036490906787869,0.317426273458445,0.3333333333333333,User_188,stable,
261,13,9,0.1604010025062656,0.064344912116736,0.0029101620430389,0.3186221743810549,0.3333333333333333,User_261,stable,
591,13,9,0.1604010025062656,0.0544651863411628,0.0049594071730331,0.3227917121046892,0.3333333333333333,User_591,stable,
8,14,9,0.1604010025062656,0.0549679993823214,0.0054342204796847,0.3267108167770419,0.6666666666666666,User_8,stable,
223,14,9,0.1604010025062656,0.0496110788838394,0.0059674250321786,0.3320246775098149,0.0,User_223,stable,
251,14,9,0.1604010025062656,0.0619535005028801,0.0044191713643977,0.3250961010433827,0.0,User_251,stable,
105,15,9,0.1604010025062656,0.0606957486388512,0.0055675537588907,0.3318385650224215,0.3333333333333333,User_105,stable,
1,16,9,0.1604010025062656,0.0627216975192906,0.0102875702568721,0.3290717065036131,0.3333333333333333,User_1,stable,
65,16,9,0.1604010025062656,0.0606156165543039,0.0037804759441631,0.3222645617855199,0.3333333333333333,User_65,stable,
358,16,9,0.1604010025062656,0.0585027015515216,0.0101252169980648,0.3322109988776655,0.6666666666666666,User_358,stable,
458,16,9,0.1604010025062656,0.0560722273445031,0.006562016998565,0.3274336283185841,0.3333333333333333,User_458,stable,
440,18,9,0.1604010025062656,0.0745375653379198,0.0071365138150681,0.3390607101947308,0.0,User_440,stable,
605,21,9,0.1604010025062656,0.0856909504778692,0.0098846233895028,0.3418013856812933,0.6666666666666666,User_605,stable,
6,6,10,0.171945701357466,0.0253494437955542,0.0002200804656618,0.2833891814265198,0.0,User_6,stable,
304,7,10,0.171945701357466,0.0300501231405274,0.0016958152344721,0.3189655172413793,0.0,User_304,stable,
327,7,10,0.171945701357466,0.0215704282937578,0.0007927435132041,0.2924901185770751,0.0,User_327,stable,
62,8,10,0.171945701357466,0.0228573327356438,0.0024442126660475,0.3029682702149437,0.0,User_62,stable,
140,8,10,0.171945701357466,0.0275275956185348,0.001116027451574,0.2911952779144122,0.0,User_140,stable,
228,8,10,0.171945701357466,0.0283508833841911,0.0019203211102838,0.2976370035193564,0.6666666666666666,User_228,stable,
249,8,10,0.171945701357466,0.0263604364911437,0.001911353138214,0.3029682702149437,0.0,User_249,stable,
512,8,10,0.171945701357466,0.0272641136966366,0.0018768709449648,0.3061013443640124,0.0,User_512,stable,
89,9,10,0.171945701357466,0.0313543485777516,0.0016607990304576,0.2980866062437059,0.0,User_89,stable,
183,9,10,0.171945701357466,0.0299258739064828,0.0019320270973551,0.308172826652785,0.0,User_183,stable,
495,9,10,0.171945701357466,0.0294779073505042,0.0018109174917944,0.2906234658811978,0.0,User_495,stable,
542,9,10,0.171945701357466,0.0272599774865515,0.0008100273696495,0.2935052057511155,0.0,User_542,stable,
571,9,10,0.171945701357466,0.0278670801245786,0.0014118316072392,0.2951146560319043,0.0,User_571,stable,
576,9,10,0.171945701357466,0.031667535023975,0.0010813101788444,0.2968906720160481,0.0,User_576,stable,
37,10,10,0.171945701357466,0.0368603246990589,0.0014272169649185,0.3135593220338983,0.0,User_37,stable,
56,10,10,0.171945701357466,0.0326427871457765,0.0009494236608055,0.3040575243965074,0.0,User_56,stable,
141,10,10,0.171945701357466,0.0329996056867493,0.0034716449312767,0.3091383812010443,0.6666666666666666,User_141,outgoing,
151,10,10,0.171945701357466,0.0337734164520336,0.0021903440607046,0.3045267489711934,0.0,User_151,stable,
266,10,10,0.171945701357466,0.0367586799850826,0.000850417899177,0.3040575243965074,0.0,User_266,stable,
289,10,10,0.171945701357466,0.0308926884028771,0.0038495670014123,0.3164083377872795,0.0,User_289,stable,
296,10,10,0.171945701357466,0.0439352707639719,0.0014407393413658,0.3015792154865002,0.0,User_296,stable,
403,10,10,0.171945701357466,0.0341070456125281,0.0025564761251119,0.3043701799485861,0.0,User_403,stable,
603,10,10,0.171945701357466,0.0361124239835232,0.0045899324390642,0.3137254901960784,0.3333333333333333,User_603,stable,
36,11,10,0.171945701357466,0.0391535825868347,0.0024941205538139,0.310761154855643,0.0,User_36,stable,
120,11,10,0.171945701357466,0.0365651689841523,0.0043093949148592,0.3125659978880676,0.0,User_120,stable,
131,11,10,0.171945701357466,0.0375361112459493,0.0054232428809121,0.3238512035010941,0.0,User_131,stable,
187,11,10,0.171945701357466,0.0390586751165819,0.0043131074999426,0.3122362869198312,0.0,User_187,stable,
210,11,10,0.171945701357466,0.0388674874597964,0.0022531455124447,0.3117430226434965,0.3333333333333333,User_210,stable,
248,11,10,0.171945701357466,0.0355888103921988,0.0038504464359428,0.3120716921454929,0.0,User_248,stable,
255,11,10,0.171945701357466,0.0336187462837632,0.003804566519227,0.3080124869927159,0.0,User_255,stable,
452,11,10,0.171945701357466,0.0309352509795924,0.0026087393468643,0.3099476439790576,0.0,User_452,stable,
562,11,10,0.171945701357466,0.0404061228276757,0.0048207412291341,0.3270718232044199,0.0,User_562,stable,
39,12,10,0.171945701357466,0.0344916392780464,0.0045979421190437,0.3130618720253834,0.0,User_39,stable,
299,12,10,0.171945701357466,0.0444364323128074,0.0037412721351522,0.3182795698924731,0.0,User_299,stable,
375,12,10,0.171945701357466,0.0347904270168205,0.0040338989551429,0.3064182194616977,0.0,User_375,stable,
401,12,10,0.171945701357466,0.0440020373731317,0.0022597927645055,0.3119072708113804,0.0,User_401,stable,
496,12,10,0.171945701357466,0.0418220737077223,0.0073146315450892,0.3229678123295144,0.0,User_496,stable,
530,12,10,0.171945701357466,0.0399291611383082,0.0030196758372307,0.3135593220338983,0.0,User_530,stable,
626,12,10,0.171945701357466,0.0411262143967534,0.0039549783012663,0.3164083377872795,0.3333333333333333,User_626,incoming,
55,13,10,0.171945701357466,0.0389396818593912,0.0053789084326094,0.3147262094630516,0.0,User_55,stable,
73,13,10,0.171945701357466,0.0470525099893504,0.0055882809975652,0.3418013856812933,0.0,User_73,stable,
162,13,10,0.171945701357466,0.0468022640071683,0.0057306662534777,0.309299895506792,0.0,User_162,stable,
209,13,10,0.171945701357466,0.0378229731402976,0.0017212127177349,0.3012722646310432,0.0,User_209,stable,
241,13,10,0.171945701357466,0.0415754731788858,0.0039481599290991,0.3061013443640124,0.0,User_241,stable,
317,13,10,0.171945701357466,0.041188830838816,0.0036495575030596,0.3056272586473929,0.0,User_317,stable,
548,13,10,0.171945701357466,0.0413422567070804,0.0041247958661382,0.3127311146328579,0.0,User_548,stable,
473,14,10,0.171945701357466,0.0440940898458849,0.0064016059548461,0.3305415968732552,0.0,User_473,stable,
212,15,10,0.171945701357466,0.0459439636975584,0.0053321724308182,0.3224400871459695,0.0,User_212,stable,
609,15,10,0.171945701357466,0.0461759688779729,0.0109097880533532,0.3431884057971014,0.3333333333333333,User_609,stable,
611,15,10,0.171945701357466,0.0433056779402361,0.0068988489620337,0.3201730665224445,0.3333333333333333,User_611,stable,
408,16,10,0.171945701357466,0.0473180972745066,0.0052057561680274,0.317937701396348,0.0,User_408,stable,
553,16,10,0.171945701357466,0.0451983467018814,0.0053909626939195,0.3256325632563256,0.0,User_553,stable,
