source,target,type
0,56,outandin
0,72,outandin
0,140,outandin
0,194,outandin
0,257,outandin
0,265,outandin
0,368,outandin
0,383,outandin
0,473,outandin
0,516,outandin
56,66,outandin
56,69,outandin
56,73,outandin
56,157,outandin
56,191,outandin
56,221,outandin
56,273,outandin
56,332,incoming
56,344,outandin
56,356,outandin
56,490,incoming
56,492,outandin
72,9,outandin
72,58,outandin
72,87,outandin
72,261,outandin
72,331,outandin
72,348,outandin
72,410,outandin
72,480,outandin
72,549,outandin
72,552,outandin
72,578,outandin
140,78,outandin
140,167,outandin
140,223,outandin
140,233,outandin
140,260,outandin
140,293,outandin
140,300,outandin
140,463,incoming
140,502,outandin
140,521,outandin
140,526,outandin
194,61,outandin
194,71,outandin
194,105,outandin
194,138,outandin
194,149,outandin
194,261,incoming
194,265,incoming
194,380,outandin
194,512,outandin
194,560,outandin
257,130,outandin
257,438,outandin
257,492,outandin
257,502,outandin
257,521,outandin
257,591,outandin
265,58,outandin
265,223,outandin
265,261,outandin
265,288,outandin
265,313,outandin
265,393,incoming
265,443,outandin
265,447,incoming
265,450,outandin
265,497,outandin
265,549,incoming
265,565,outandin
368,9,outandin
368,55,outandin
368,152,outandin
368,161,outandin
368,313,outandin
368,319,outandin
368,340,incoming
368,406,incoming
368,552,incoming
383,58,outandin
383,61,incoming
383,149,outandin
383,226,outandin
383,354,outandin
383,397,incoming
383,402,outandin
383,454,outandin
383,537,outandin
473,94,incoming
473,160,outandin
473,179,outandin
473,182,outandin
473,268,outandin
473,446,outandin
473,511,outandin
473,554,outandin
473,557,outandin
516,35,outandin
516,74,outandin
516,136,outandin
516,203,incoming
516,216,outandin
516,254,outandin
516,331,outandin
516,359,incoming
516,547,outandin
516,599,outandin
1,63,outandin
1,88,outandin
1,139,incoming
1,147,incoming
1,165,incoming
1,225,incoming
1,227,outandin
1,493,outandin
1,510,incoming
1,583,incoming
1,589,outandin
63,80,outandin
63,121,outandin
63,165,outandin
63,334,outandin
63,346,outandin
63,367,outandin
63,493,outandin
63,592,outandin
88,21,outandin
88,39,outandin
88,111,outandin
88,178,outandin
88,258,outandin
88,345,outandin
88,441,outandin
88,480,outandin
88,487,outandin
88,588,outandin
88,589,outandin
88,592,outandin
139,39,outandin
139,64,outandin
139,95,outandin
139,150,outandin
139,171,outandin
139,307,incoming
139,424,incoming
139,431,incoming
139,436,outandin
139,441,outandin
139,442,outandin
139,538,outandin
147,43,incoming
147,75,outandin
147,83,outandin
147,136,outandin
147,264,outandin
147,369,outandin
147,510,outandin
147,592,outandin
165,3,outandin
165,8,outandin
165,20,incoming
165,21,outandin
165,64,outandin
165,95,incoming
165,102,outandin
165,113,outandin
165,517,outandin
165,555,outandin
165,556,outandin
165,559,incoming
165,583,incoming
165,589,outandin
225,16,outandin
225,64,outandin
225,121,outandin
225,264,outandin
225,272,incoming
225,282,outandin
225,436,incoming
225,510,outandin
225,517,outandin
225,594,outandin
227,31,incoming
227,61,outandin
227,116,outandin
227,171,outandin
227,243,incoming
227,356,outandin
227,435,outandin
227,437,outandin
227,561,outandin
493,20,outandin
493,21,outandin
493,102,outandin
493,111,incoming
493,254,outandin
493,400,incoming
493,441,outandin
493,442,outandin
493,472,outandin
510,16,outandin
510,75,outandin
510,80,outandin
510,178,outandin
510,272,outandin
510,367,outandin
510,428,outandin
510,494,outandin
583,20,outandin
583,94,outandin
583,431,outandin
583,487,outandin
589,16,outandin
589,121,outandin
589,148,outandin
589,178,outandin
589,213,outandin
589,244,outandin
589,314,outandin
589,367,outandin
589,442,outandin
589,535,outandin
589,592,outandin
2,32,outandin
2,36,outandin
2,274,outandin
2,312,outandin
2,370,outandin
2,378,outandin
2,503,incoming
2,523,outandin
2,548,outandin
32,26,outandin
32,35,outandin
32,74,outandin
32,101,incoming
32,216,outandin
32,254,outandin
32,461,outandin
32,491,outandin
32,532,outandin
32,572,outandin
32,597,outandin
36,12,outandin
36,92,outandin
36,101,outandin
36,106,incoming
36,142,incoming
36,199,outandin
36,234,outandin
36,241,outandin
36,254,outandin
36,285,outandin
36,507,outandin
36,511,outandin
36,523,outandin
36,532,outandin
36,547,outandin
36,548,outandin
274,35,incoming
274,46,outandin
274,142,incoming
274,162,outandin
274,183,outandin
274,339,outandin
274,389,outandin
274,461,outandin
312,15,outandin
312,38,outandin
312,276,incoming
312,322,outandin
312,378,outandin
312,487,outandin
312,500,outandin
312,547,outandin
370,92,incoming
370,142,outandin
370,216,outandin
370,234,outandin
370,254,outandin
370,263,outandin
370,359,outandin
370,378,outandin
370,507,outandin
370,520,outandin
378,35,outandin
378,93,outandin
378,100,incoming
378,135,outandin
378,142,outandin
378,237,outandin
378,321,outandin
378,393,outandin
378,402,outandin
378,449,outandin
378,498,outandin
378,500,outandin
503,29,outandin
503,142,outandin
503,146,outandin
503,234,outandin
503,237,outandin
503,239,outandin
503,318,outandin
503,481,outandin
503,523,outandin
503,544,outandin
523,74,incoming
523,216,incoming
523,309,outandin
523,359,outandin
523,418,outandin
523,454,outandin
523,491,outandin
548,114,outandin
548,239,outandin
548,263,incoming
548,385,outandin
548,449,outandin
548,507,outandin
3,35,outandin
3,65,outandin
3,236,outandin
3,251,outandin
3,371,incoming
3,398,outandin
3,501,outandin
3,537,outandin
3,558,outandin
3,581,outandin
3,587,outandin
35,100,outandin
35,106,outandin
35,135,incoming
35,216,outandin
35,321,outandin
35,339,outandin
35,507,outandin
65,55,outandin
65,114,outandin
65,117,outandin
65,133,outandin
65,158,outandin
65,253,outandin
65,415,outandin
65,445,outandin
65,501,outandin
65,506,outandin
236,31,outandin
236,62,outandin
236,94,outandin
236,215,outandin
236,222,outandin
236,249,outandin
236,268,outandin
236,356,outandin
236,434,outandin
236,437,outandin
236,466,outandin
236,566,outandin
236,575,outandin
251,125,outandin
251,240,outandin
251,247,outandin
251,266,outandin
251,461,outandin
251,518,outandin
251,519,incoming
251,528,outandin
371,5,outandin
371,28,outandin
371,55,outandin
371,78,outandin
371,123,outandin
371,176,outandin
371,411,outandin
371,423,outandin
371,512,outandin
371,558,outandin
371,597,outandin
398,158,outandin
398,171,outandin
398,172,outandin
398,187,outandin
398,197,outandin
398,215,outandin
398,328,incoming
398,437,outandin
398,531,incoming
501,49,outandin
501,70,outandin
501,134,outandin
501,301,outandin
501,315,outandin
501,403,outandin
501,415,incoming
501,506,outandin
501,553,outandin
501,579,outandin
501,587,outandin
537,87,outandin
537,91,outandin
537,176,incoming
537,228,outandin
537,446,outandin
537,558,outandin
558,5,outandin
558,18,outandin
558,19,outandin
558,109,outandin
558,218,outandin
558,232,outandin
558,423,outandin
558,508,outandin
558,513,outandin
558,518,outandin
558,536,outandin
581,18,outandin
581,28,outandin
581,112,outandin
581,176,outandin
581,249,incoming
581,347,outandin
581,356,incoming
581,563,incoming
581,570,outandin
587,45,outandin
587,55,outandin
587,91,outandin
587,94,outandin
587,177,outandin
587,179,outandin
587,182,outandin
587,232,outandin
587,240,outandin
587,375,outandin
587,541,outandin
4,38,outandin
4,123,outandin
4,178,outandin
4,199,incoming
4,317,incoming
4,325,outandin
4,327,outandin
4,336,outandin
4,391,outandin
4,457,outandin
4,489,outandin
38,160,outandin
38,189,incoming
38,209,outandin
38,214,outandin
38,230,outandin
38,275,outandin
38,301,outandin
38,315,outandin
38,317,outandin
38,343,outandin
38,344,incoming
38,452,outandin
38,500,outandin
38,509,outandin
38,539,outandin
123,10,outandin
123,42,outandin
123,127,outandin
123,160,outandin
123,200,outandin
123,212,outandin
123,325,outandin
123,426,outandin
123,499,outandin
123,545,outandin
123,564,outandin
123,567,outandin
123,573,outandin
123,574,outandin
178,59,outandin
178,102,outandin
178,118,outandin
178,154,outandin
178,244,outandin
178,307,outandin
178,369,incoming
178,489,outandin
178,538,outandin
178,555,outandin
178,556,outandin
178,592,incoming
199,83,outandin
199,235,outandin
199,252,outandin
199,327,outandin
199,408,outandin
199,417,outandin
199,440,outandin
199,476,outandin
199,567,outandin
199,568,outandin
317,129,outandin
317,214,outandin
317,237,outandin
317,252,incoming
317,253,outandin
317,267,incoming
317,275,outandin
317,336,outandin
317,342,outandin
317,381,outandin
317,530,outandin
325,47,outandin
325,60,outandin
325,202,incoming
325,253,outandin
325,386,outandin
325,426,outandin
325,457,outandin
325,458,outandin
325,528,outandin
327,10,outandin
327,24,incoming
327,47,outandin
327,83,outandin
327,189,outandin
327,209,outandin
327,219,outandin
327,253,outandin
327,267,outandin
327,452,outandin
327,499,outandin
327,575,outandin
336,103,outandin
336,108,outandin
336,160,outandin
336,214,outandin
336,219,outandin
336,467,outandin
336,471,outandin
391,6,outandin
391,30,outandin
391,77,outandin
391,167,outandin
391,168,outandin
391,193,incoming
391,272,outandin
391,347,outandin
391,421,outandin
391,566,outandin
391,594,outandin
457,42,outandin
457,78,outandin
457,128,outandin
457,180,outandin
457,200,outandin
457,212,outandin
457,214,outandin
457,303,outandin
457,319,outandin
457,341,outandin
457,499,outandin
489,180,incoming
489,200,outandin
489,202,outandin
489,219,outandin
489,252,outandin
489,275,outandin
489,381,outandin
489,424,outandin
489,426,outandin
489,529,outandin
5,125,outandin
5,129,outandin
5,294,outandin
5,375,outandin
5,402,outandin
5,479,outandin
5,536,outandin
5,557,incoming
5,597,outandin
125,176,incoming
125,206,outandin
125,229,outandin
125,266,outandin
125,283,outandin
125,315,outandin
125,365,outandin
125,375,outandin
125,479,outandin
125,506,outandin
129,231,outandin
129,260,outandin
129,337,outandin
129,451,outandin
129,502,outandin
129,521,outandin
129,526,outandin
129,576,incoming
294,11,outandin
294,131,outandin
294,145,outandin
294,153,outandin
294,164,outandin
294,177,outandin
294,196,outandin
294,213,outandin
294,228,incoming
294,250,incoming
294,258,outandin
294,311,incoming
294,545,outandin
294,572,outandin
294,574,outandin
375,49,outandin
375,195,outandin
375,232,outandin
375,266,outandin
375,337,outandin
375,456,outandin
375,518,outandin
402,76,outandin
402,232,outandin
402,344,outandin
402,396,outandin
402,445,outandin
402,519,outandin
402,566,outandin
479,168,outandin
479,247,outandin
479,508,outandin
479,517,outandin
536,109,outandin
536,134,outandin
536,195,outandin
536,200,outandin
536,208,outandin
536,229,outandin
536,252,outandin
536,353,outandin
536,355,outandin
536,554,outandin
557,94,outandin
557,109,incoming
557,112,incoming
557,219,outandin
557,232,outandin
557,240,outandin
557,247,outandin
557,291,outandin
557,365,outandin
557,401,outandin
557,413,outandin
557,415,incoming
557,485,outandin
557,561,outandin
597,26,incoming
597,74,outandin
597,216,outandin
597,239,outandin
597,254,outandin
597,418,outandin
597,449,outandin
597,500,outandin
597,544,outandin
6,8,outandin
6,107,outandin
6,126,outandin
6,193,outandin
6,279,outandin
6,352,outandin
6,361,outandin
6,482,outandin
6,576,outandin
6,585,outandin
8,41,outandin
8,89,outandin
8,126,outandin
8,155,outandin
8,193,outandin
8,233,outandin
8,260,outandin
8,286,outandin
8,301,outandin
8,323,outandin
8,330,outandin
8,535,outandin
107,77,outandin
107,124,incoming
107,126,outandin
107,130,outandin
107,300,outandin
107,435,outandin
107,437,outandin
107,582,outandin
126,89,outandin
126,91,outandin
126,124,outandin
126,193,outandin
126,250,outandin
126,337,outandin
126,345,outandin
126,438,outandin
126,451,outandin
126,522,outandin
193,41,outandin
193,103,outandin
193,116,outandin
193,246,outandin
193,323,outandin
193,438,outandin
193,535,outandin
193,585,outandin
279,124,outandin
279,130,outandin
279,191,outandin
279,231,incoming
279,311,outandin
279,337,outandin
279,438,incoming
279,535,outandin
279,566,outandin
279,576,outandin
352,9,incoming
352,71,outandin
352,103,outandin
352,198,incoming
352,261,incoming
352,278,outandin
352,416,incoming
352,443,outandin
352,552,outandin
352,586,outandin
352,596,outandin
352,598,outandin
361,113,outandin
361,286,outandin
361,300,outandin
361,421,outandin
361,495,incoming
361,530,outandin
361,535,outandin
482,142,outandin
482,337,outandin
482,384,outandin
482,394,incoming
482,494,outandin
482,520,outandin
482,526,outandin
482,566,outandin
576,152,outandin
576,220,outandin
576,222,outandin
576,298,outandin
576,345,outandin
576,472,outandin
576,475,outandin
576,495,outandin
576,512,outandin
585,15,outandin
585,167,outandin
585,293,incoming
585,314,outandin
585,323,outandin
585,337,incoming
585,421,outandin
585,463,outandin
585,475,outandin
585,495,outandin
585,502,outandin
585,513,outandin
585,514,outandin
7,9,outandin
7,134,outandin
7,143,outandin
7,149,outandin
7,204,outandin
7,205,outandin
7,268,outandin
7,288,outandin
7,350,outandin
7,496,incoming
7,497,outandin
7,552,outandin
9,27,outandin
9,134,outandin
9,226,incoming
9,289,outandin
9,420,outandin
9,443,outandin
9,447,outandin
9,496,outandin
134,43,outandin
134,91,outandin
134,119,outandin
134,179,outandin
134,266,outandin
134,423,outandin
134,429,outandin
134,446,outandin
143,137,outandin
143,187,outandin
143,262,outandin
143,278,outandin
143,288,outandin
143,313,outandin
143,335,outandin
143,406,incoming
143,443,outandin
149,29,outandin
149,64,outandin
149,100,outandin
149,105,outandin
149,132,outandin
149,186,outandin
149,205,outandin
149,324,outandin
149,410,outandin
149,443,incoming
149,450,outandin
149,497,outandin
149,552,outandin
204,19,outandin
204,33,outandin
204,122,incoming
204,284,outandin
204,297,outandin
204,395,outandin
204,401,outandin
204,455,outandin
204,569,outandin
204,595,outandin
205,41,outandin
205,87,outandin
205,200,outandin
205,271,incoming
205,331,incoming
205,416,outandin
268,138,outandin
268,158,incoming
268,243,outandin
268,316,outandin
268,434,outandin
268,490,incoming
268,545,outandin
288,12,outandin
288,217,outandin
288,271,incoming
288,340,outandin
288,380,outandin
288,406,outandin
288,439,outandin
288,494,outandin
288,596,outandin
350,51,outandin
350,98,outandin
350,213,outandin
350,223,outandin
350,292,outandin
350,331,outandin
350,333,outandin
350,349,outandin
350,486,outandin
496,58,outandin
496,95,outandin
496,217,outandin
496,226,incoming
496,242,outandin
496,304,outandin
496,410,incoming
496,471,outandin
496,578,outandin
496,596,outandin
497,13,outandin
497,71,outandin
497,186,outandin
497,289,outandin
497,324,outandin
497,406,outandin
497,443,outandin
497,578,incoming
552,122,outandin
552,161,incoming
552,219,outandin
552,256,outandin
552,278,outandin
552,397,outandin
552,416,outandin
552,447,outandin
552,549,outandin
552,596,outandin
41,78,outandin
41,89,outandin
41,167,outandin
41,179,outandin
41,214,outandin
41,286,outandin
41,300,outandin
41,337,outandin
41,347,outandin
41,412,outandin
41,520,outandin
41,592,outandin
89,130,incoming
89,234,outandin
89,277,outandin
89,298,outandin
89,300,outandin
89,451,outandin
89,472,outandin
89,513,outandin
155,81,outandin
155,122,outandin
155,175,outandin
155,190,outandin
155,277,outandin
155,310,outandin
155,387,outandin
155,395,outandin
155,401,outandin
155,419,outandin
155,428,outandin
155,505,outandin
155,569,incoming
233,113,outandin
233,264,outandin
233,347,outandin
233,364,outandin
233,421,outandin
233,475,outandin
233,502,outandin
260,54,outandin
260,77,outandin
260,231,outandin
260,286,outandin
260,300,outandin
260,438,outandin
260,475,outandin
260,495,outandin
260,526,outandin
286,22,outandin
286,298,outandin
286,323,outandin
286,345,incoming
286,425,outandin
301,160,outandin
301,252,outandin
301,267,outandin
301,303,incoming
301,334,outandin
301,452,outandin
301,453,outandin
301,458,outandin
301,464,outandin
301,528,incoming
323,130,outandin
323,246,incoming
323,309,outandin
323,321,outandin
323,502,outandin
323,520,outandin
323,594,outandin
330,160,outandin
330,231,outandin
330,246,outandin
330,300,outandin
330,343,outandin
330,502,outandin
535,221,outandin
535,258,outandin
535,345,incoming
535,394,outandin
535,421,outandin
535,438,outandin
535,463,outandin
535,481,outandin
535,520,outandin
535,526,outandin
535,566,outandin
27,10,outandin
27,13,outandin
27,23,outandin
27,24,outandin
27,103,outandin
27,128,outandin
27,275,incoming
27,374,outandin
27,528,outandin
27,564,outandin
27,573,outandin
226,186,outandin
226,198,outandin
226,295,incoming
226,304,outandin
226,335,outandin
226,384,outandin
289,186,outandin
289,262,outandin
289,340,outandin
289,410,outandin
289,447,outandin
289,582,outandin
420,132,outandin
420,137,outandin
420,256,outandin
420,308,outandin
420,354,outandin
420,416,outandin
420,443,outandin
420,450,outandin
420,586,outandin
420,596,outandin
443,132,outandin
443,313,outandin
443,348,outandin
443,354,outandin
443,380,outandin
447,71,outandin
447,87,incoming
447,220,outandin
447,278,incoming
447,331,incoming
447,384,outandin
447,393,outandin
447,423,outandin
447,450,incoming
447,525,outandin
447,527,outandin
10,13,outandin
10,83,outandin
10,103,outandin
10,275,outandin
10,303,outandin
10,386,outandin
10,399,incoming
10,529,outandin
10,564,incoming
13,144,outandin
13,212,outandin
13,303,outandin
13,334,outandin
13,341,outandin
13,463,outandin
13,498,incoming
83,200,outandin
83,358,outandin
83,467,outandin
83,499,outandin
103,60,outandin
103,86,outandin
103,127,outandin
103,128,outandin
103,219,outandin
103,275,outandin
103,386,incoming
103,399,outandin
103,458,outandin
275,202,outandin
275,219,outandin
275,296,incoming
275,399,outandin
275,471,outandin
303,60,outandin
303,128,incoming
303,163,outandin
303,408,outandin
303,515,outandin
303,530,outandin
386,24,outandin
386,47,outandin
386,270,outandin
386,341,outandin
386,412,outandin
386,464,outandin
386,483,outandin
386,490,outandin
386,564,outandin
399,60,outandin
399,163,outandin
399,214,outandin
399,258,outandin
399,381,outandin
399,460,incoming
399,467,outandin
399,471,incoming
399,542,outandin
529,108,outandin
529,219,outandin
529,235,outandin
529,253,outandin
529,255,outandin
529,341,incoming
529,464,outandin
564,24,outandin
564,92,outandin
564,160,outandin
564,256,outandin
564,421,outandin
564,440,outandin
564,492,outandin
564,499,outandin
564,528,outandin
11,40,outandin
11,52,outandin
11,133,outandin
11,238,outandin
11,280,outandin
11,403,outandin
11,432,outandin
11,458,outandin
40,52,outandin
40,82,incoming
40,111,outandin
40,164,incoming
40,196,outandin
40,248,outandin
40,280,outandin
40,308,outandin
40,311,outandin
40,338,outandin
40,389,outandin
40,484,outandin
40,522,outandin
52,145,outandin
52,210,outandin
52,242,outandin
52,280,outandin
52,574,outandin
52,588,outandin
133,70,outandin
133,114,outandin
133,119,outandin
133,168,outandin
133,217,outandin
133,247,outandin
133,287,incoming
133,413,outandin
133,429,outandin
133,445,outandin
238,25,outandin
238,34,outandin
238,153,outandin
238,164,outandin
238,181,outandin
238,198,outandin
238,210,outandin
238,311,outandin
238,403,incoming
238,404,incoming
238,422,outandin
238,574,outandin
238,588,incoming
280,86,outandin
280,156,outandin
280,250,outandin
280,258,incoming
280,333,outandin
280,498,outandin
280,531,incoming
280,539,incoming
403,97,outandin
403,117,outandin
403,235,outandin
403,432,outandin
403,574,outandin
432,145,outandin
432,308,incoming
432,326,outandin
432,379,outandin
432,422,outandin
432,458,outandin
458,60,outandin
458,128,outandin
458,209,outandin
458,219,outandin
458,476,outandin
458,483,outandin
12,190,outandin
12,221,outandin
12,254,outandin
12,263,outandin
12,463,outandin
12,532,incoming
190,14,outandin
190,81,outandin
190,85,outandin
190,115,outandin
190,144,incoming
190,310,outandin
190,364,outandin
190,562,outandin
190,595,outandin
221,18,outandin
221,90,outandin
221,96,incoming
221,118,outandin
221,138,outandin
221,185,outandin
221,192,incoming
221,197,outandin
221,249,outandin
221,328,outandin
221,414,outandin
221,435,outandin
221,437,incoming
221,528,outandin
221,538,outandin
254,15,outandin
254,93,outandin
254,322,outandin
254,407,outandin
263,26,outandin
263,60,outandin
263,74,outandin
263,93,outandin
263,228,outandin
263,234,outandin
263,322,outandin
263,407,outandin
263,444,outandin
263,461,incoming
463,188,outandin
463,198,outandin
463,231,outandin
463,246,outandin
463,293,outandin
463,296,outandin
463,525,outandin
463,526,incoming
463,594,outandin
532,15,outandin
532,114,outandin
532,135,outandin
532,146,outandin
532,186,outandin
532,339,outandin
532,346,outandin
144,23,outandin
144,33,outandin
144,67,outandin
144,68,outandin
144,79,incoming
144,122,outandin
144,131,outandin
144,284,outandin
144,387,outandin
144,469,outandin
144,478,outandin
144,562,outandin
212,42,outandin
212,163,outandin
212,180,outandin
212,440,outandin
212,460,outandin
212,471,outandin
334,59,outandin
334,203,outandin
334,209,outandin
334,235,outandin
334,341,outandin
334,356,outandin
334,471,outandin
334,483,outandin
341,127,outandin
341,128,outandin
341,189,outandin
341,230,outandin
341,425,outandin
341,440,incoming
341,509,outandin
341,567,outandin
498,253,outandin
498,460,outandin
498,483,outandin
498,528,outandin
498,546,outandin
498,586,outandin
14,34,outandin
14,115,outandin
14,185,outandin
14,259,outandin
14,284,outandin
14,285,outandin
14,302,incoming
14,373,outandin
34,23,outandin
34,81,outandin
34,85,outandin
34,96,outandin
34,285,outandin
34,373,outandin
34,387,outandin
34,388,outandin
34,412,outandin
34,469,incoming
34,480,incoming
34,590,incoming
34,594,outandin
115,68,outandin
115,81,incoming
115,206,outandin
115,364,outandin
115,397,outandin
115,455,incoming
185,17,outandin
185,85,outandin
185,245,outandin
185,277,outandin
185,353,outandin
185,387,outandin
185,419,outandin
185,477,outandin
185,505,outandin
185,562,outandin
185,579,outandin
185,590,outandin
185,595,outandin
259,24,outandin
259,104,outandin
259,110,outandin
259,154,outandin
259,170,outandin
259,213,outandin
259,333,outandin
259,388,outandin
284,50,outandin
284,320,outandin
284,353,outandin
284,396,outandin
284,401,outandin
284,412,outandin
284,480,outandin
284,524,outandin
285,23,outandin
285,50,outandin
285,54,outandin
285,79,outandin
285,122,outandin
285,272,outandin
285,310,outandin
285,348,outandin
285,364,outandin
285,373,incoming
285,448,incoming
285,569,outandin
285,593,outandin
285,595,outandin
302,81,outandin
302,136,outandin
302,175,outandin
302,224,outandin
302,245,outandin
302,291,outandin
302,320,outandin
302,364,incoming
302,401,outandin
302,514,outandin
302,525,outandin
302,539,outandin
302,590,outandin
373,50,outandin
373,85,outandin
373,135,outandin
373,297,outandin
373,395,outandin
373,419,outandin
373,480,outandin
15,74,outandin
15,203,outandin
15,207,outandin
15,339,incoming
15,385,outandin
15,491,outandin
15,544,outandin
15,547,outandin
74,100,outandin
74,135,outandin
74,136,outandin
74,148,outandin
74,322,outandin
74,359,outandin
74,511,outandin
203,26,incoming
203,29,outandin
203,95,outandin
203,100,outandin
203,135,outandin
203,162,outandin
203,237,outandin
203,321,incoming
203,322,outandin
203,339,outandin
203,418,outandin
203,547,outandin
207,101,outandin
207,106,outandin
207,128,outandin
207,146,outandin
207,329,outandin
207,339,outandin
207,407,outandin
207,419,outandin
339,118,outandin
339,136,incoming
339,148,outandin
339,313,outandin
339,500,outandin
385,101,incoming
385,183,outandin
385,234,outandin
385,237,incoming
385,359,outandin
385,547,outandin
385,554,outandin
491,234,outandin
491,355,outandin
491,407,outandin
491,461,outandin
491,500,outandin
491,544,outandin
544,26,outandin
544,106,outandin
544,201,outandin
544,298,outandin
544,355,outandin
544,454,outandin
544,511,incoming
544,512,outandin
544,599,outandin
547,183,incoming
547,216,outandin
547,276,incoming
547,545,outandin
547,568,outandin
16,21,outandin
16,59,outandin
16,92,outandin
16,111,outandin
16,272,outandin
16,377,outandin
16,538,outandin
16,555,outandin
16,559,outandin
21,64,outandin
21,67,outandin
21,307,outandin
21,316,outandin
21,374,outandin
21,400,outandin
21,424,incoming
21,459,incoming
21,472,outandin
21,487,outandin
21,539,outandin
21,555,outandin
59,43,outandin
59,117,outandin
59,150,outandin
59,246,outandin
59,313,outandin
59,448,outandin
59,487,outandin
59,559,outandin
92,33,outandin
92,62,outandin
92,93,outandin
92,148,outandin
92,276,outandin
92,299,outandin
92,349,outandin
92,449,outandin
92,513,outandin
111,20,outandin
111,80,outandin
111,269,outandin
111,329,outandin
111,459,incoming
272,329,outandin
272,354,outandin
272,441,outandin
272,459,outandin
272,538,outandin
272,592,outandin
377,48,outandin
377,70,incoming
377,159,outandin
377,213,outandin
377,270,outandin
377,282,outandin
377,292,outandin
377,319,incoming
377,372,outandin
377,478,incoming
538,75,outandin
538,121,outandin
538,369,outandin
538,517,outandin
555,75,incoming
555,78,outandin
555,121,incoming
555,253,outandin
555,264,outandin
555,314,incoming
555,329,outandin
555,369,outandin
555,472,outandin
555,559,outandin
559,124,outandin
559,264,outandin
559,314,incoming
559,367,outandin
559,424,outandin
559,461,outandin
559,567,outandin
559,592,outandin
17,79,outandin
17,175,outandin
17,322,outandin
17,353,outandin
17,502,outandin
17,505,incoming
17,569,incoming
17,571,outandin
79,54,outandin
79,343,outandin
79,353,outandin
79,428,outandin
79,477,outandin
79,514,outandin
79,562,outandin
79,593,outandin
79,599,outandin
175,23,outandin
175,318,incoming
175,562,incoming
322,29,outandin
322,93,incoming
322,114,outandin
322,162,outandin
322,440,outandin
322,449,incoming
322,582,outandin
353,19,outandin
353,23,outandin
353,55,outandin
353,67,outandin
353,68,outandin
353,176,outandin
353,214,outandin
353,412,outandin
353,448,outandin
353,562,outandin
502,246,outandin
502,365,outandin
502,456,outandin
502,475,outandin
502,487,outandin
502,525,outandin
505,29,outandin
505,206,outandin
505,320,outandin
505,337,outandin
505,401,outandin
505,455,outandin
505,562,incoming
505,571,outandin
505,579,incoming
505,590,outandin
569,68,outandin
569,122,outandin
569,245,outandin
569,469,outandin
571,19,outandin
571,110,outandin
571,448,outandin
571,449,outandin
571,593,outandin
18,28,outandin
18,31,outandin
18,116,outandin
18,118,outandin
18,132,outandin
18,158,incoming
18,187,outandin
18,192,outandin
18,195,outandin
18,414,outandin
18,466,incoming
18,490,outandin
18,550,outandin
18,561,outandin
18,575,outandin
18,577,incoming
28,66,outandin
28,316,outandin
28,332,outandin
28,413,outandin
28,454,outandin
28,563,outandin
31,22,outandin
31,62,outandin
31,118,outandin
31,166,outandin
31,197,outandin
31,316,incoming
31,328,outandin
31,485,outandin
31,575,outandin
31,598,outandin
116,118,outandin
116,166,outandin
116,222,outandin
116,411,outandin
116,414,outandin
116,466,outandin
118,46,incoming
118,66,outandin
118,90,outandin
118,151,outandin
118,153,outandin
118,166,outandin
118,215,outandin
118,281,outandin
118,437,outandin
132,71,outandin
132,152,outandin
132,156,outandin
132,262,outandin
132,304,outandin
132,335,incoming
132,410,outandin
158,96,outandin
158,269,outandin
158,309,outandin
158,392,outandin
158,414,outandin
158,485,outandin
158,561,outandin
158,575,outandin
187,157,outandin
187,215,incoming
187,328,outandin
187,598,incoming
192,71,outandin
192,166,outandin
192,243,outandin
192,346,outandin
192,414,outandin
192,563,outandin
195,91,incoming
195,97,outandin
195,109,outandin
195,112,outandin
195,179,outandin
195,182,outandin
195,196,outandin
195,218,outandin
195,517,outandin
195,525,outandin
195,533,incoming
414,172,outandin
414,382,outandin
414,492,outandin
414,580,outandin
466,138,outandin
466,172,outandin
466,309,outandin
466,315,outandin
466,344,outandin
466,356,outandin
466,411,outandin
466,485,outandin
466,561,outandin
466,570,outandin
466,577,outandin
490,46,outandin
490,73,outandin
490,138,outandin
490,166,outandin
490,344,outandin
490,411,incoming
490,474,outandin
490,485,outandin
550,54,outandin
550,62,outandin
550,69,outandin
550,182,outandin
550,222,incoming
550,243,incoming
550,273,incoming
550,437,outandin
550,575,outandin
550,598,outandin
561,76,outandin
561,94,outandin
561,273,outandin
561,435,outandin
561,437,outandin
561,598,outandin
575,90,outandin
575,222,outandin
575,346,outandin
575,358,outandin
577,138,outandin
577,151,outandin
577,328,incoming
577,363,outandin
577,580,incoming
19,318,outandin
19,360,outandin
19,408,outandin
19,415,outandin
19,454,outandin
19,471,outandin
19,477,outandin
19,593,incoming
19,595,outandin
318,23,outandin
318,67,outandin
318,122,incoming
318,364,incoming
318,412,outandin
318,428,outandin
318,485,outandin
318,584,outandin
360,153,incoming
360,181,outandin
360,210,outandin
360,290,incoming
360,308,outandin
360,338,outandin
360,485,outandin
360,504,incoming
360,531,outandin
408,130,outandin
408,202,outandin
408,235,outandin
408,252,outandin
408,255,outandin
408,440,outandin
408,534,outandin
408,567,outandin
415,76,outandin
415,176,outandin
415,218,incoming
415,287,outandin
415,315,outandin
415,365,outandin
415,572,incoming
454,26,outandin
454,136,outandin
454,142,outandin
454,241,outandin
454,324,outandin
454,326,outandin
454,461,outandin
454,526,outandin
471,25,outandin
471,255,outandin
471,440,outandin
471,467,incoming
471,509,outandin
477,54,outandin
477,122,outandin
477,156,outandin
477,168,outandin
477,206,outandin
477,295,outandin
477,395,outandin
477,396,outandin
477,401,outandin
477,412,outandin
477,488,outandin
593,81,incoming
593,85,outandin
593,122,outandin
593,224,outandin
593,401,incoming
593,419,incoming
593,469,outandin
593,562,outandin
593,579,outandin
595,206,outandin
595,297,outandin
595,372,incoming
595,395,outandin
20,75,outandin
20,171,incoming
20,328,outandin
20,367,outandin
20,400,outandin
20,418,outandin
20,424,outandin
20,431,outandin
20,441,outandin
20,442,incoming
20,515,outandin
20,541,outandin
75,264,outandin
75,374,outandin
75,406,outandin
75,494,outandin
75,556,outandin
75,592,incoming
171,80,outandin
171,95,outandin
171,264,outandin
171,369,outandin
171,424,outandin
171,487,incoming
328,197,outandin
328,243,outandin
328,337,outandin
328,344,outandin
328,346,outandin
328,363,outandin
328,435,outandin
328,598,outandin
367,39,incoming
367,95,outandin
367,314,outandin
367,369,outandin
367,556,outandin
400,102,outandin
400,150,outandin
400,307,outandin
400,329,outandin
400,405,outandin
400,442,outandin
400,456,outandin
400,487,outandin
418,93,outandin
418,106,outandin
418,109,outandin
418,276,outandin
418,359,outandin
418,511,outandin
418,599,outandin
424,150,outandin
424,436,outandin
424,442,outandin
424,459,incoming
424,517,outandin
431,39,outandin
431,102,outandin
431,354,outandin
431,374,outandin
431,405,outandin
431,442,outandin
431,494,incoming
431,542,outandin
431,556,outandin
441,135,outandin
441,214,outandin
441,244,outandin
441,314,outandin
441,329,outandin
441,343,outandin
441,436,outandin
441,442,outandin
442,80,outandin
442,95,outandin
442,150,outandin
442,549,outandin
442,556,outandin
442,562,outandin
515,145,outandin
515,164,outandin
515,173,outandin
515,258,outandin
515,299,outandin
515,308,outandin
515,338,outandin
541,76,outandin
541,168,outandin
541,232,outandin
541,423,outandin
541,519,outandin
541,554,outandin
541,596,outandin
64,80,outandin
64,244,outandin
64,329,outandin
64,369,outandin
64,556,outandin
67,364,outandin
67,387,outandin
67,395,outandin
67,455,outandin
67,469,outandin
307,43,outandin
307,76,outandin
307,150,outandin
307,166,outandin
307,369,outandin
307,459,outandin
307,556,outandin
316,66,outandin
316,157,outandin
316,363,outandin
316,392,outandin
316,598,outandin
374,80,outandin
374,264,outandin
374,459,incoming
374,517,outandin
374,570,outandin
459,264,outandin
459,504,outandin
459,592,outandin
472,128,outandin
472,130,outandin
472,141,outandin
472,451,outandin
472,594,outandin
487,121,outandin
487,264,outandin
487,464,outandin
487,494,outandin
539,120,outandin
539,169,outandin
539,181,outandin
539,422,outandin
539,522,outandin
539,572,outandin
22,73,outandin
22,157,outandin
22,435,outandin
22,485,outandin
22,521,outandin
22,580,outandin
22,598,outandin
73,66,outandin
73,90,outandin
73,309,outandin
73,332,outandin
73,485,outandin
157,151,outandin
157,189,outandin
157,249,outandin
157,309,outandin
157,492,incoming
157,506,outandin
157,570,outandin
157,598,outandin
435,151,outandin
435,355,outandin
435,363,outandin
435,580,outandin
485,96,outandin
485,222,outandin
485,273,outandin
521,113,outandin
521,298,outandin
521,394,incoming
521,468,outandin
521,475,outandin
521,520,outandin
521,566,outandin
521,582,incoming
580,197,outandin
580,243,outandin
580,281,outandin
580,287,outandin
580,332,outandin
580,356,outandin
580,358,outandin
580,366,outandin
580,392,outandin
580,434,outandin
580,563,outandin
598,197,outandin
598,562,outandin
598,565,outandin
598,570,outandin
598,573,outandin
23,33,outandin
23,188,outandin
23,462,outandin
23,524,outandin
23,579,outandin
33,85,outandin
33,342,outandin
33,349,outandin
33,470,outandin
33,543,outandin
33,590,outandin
188,99,outandin
188,170,outandin
188,223,incoming
188,270,outandin
188,282,incoming
188,292,outandin
188,333,outandin
188,366,outandin
188,372,incoming
462,48,outandin
462,120,outandin
462,201,outandin
462,211,outandin
462,282,outandin
462,333,outandin
462,444,outandin
462,470,outandin
462,551,outandin
524,53,outandin
524,270,outandin
524,319,incoming
524,333,outandin
524,335,outandin
524,468,outandin
524,568,outandin
579,85,outandin
579,297,outandin
579,331,outandin
579,514,outandin
24,160,outandin
24,209,incoming
24,230,outandin
24,235,outandin
24,252,outandin
24,467,outandin
24,483,outandin
160,51,outandin
160,127,outandin
160,208,outandin
160,235,outandin
160,381,outandin
160,453,outandin
160,520,outandin
160,534,outandin
160,546,incoming
209,46,outandin
209,235,outandin
209,305,outandin
209,342,outandin
209,426,outandin
209,460,incoming
230,128,outandin
230,217,outandin
230,235,outandin
230,291,outandin
230,342,outandin
230,453,outandin
235,163,outandin
235,440,outandin
252,146,outandin
252,163,outandin
252,453,outandin
252,528,outandin
252,530,outandin
252,591,outandin
467,42,outandin
467,60,outandin
467,108,outandin
467,296,outandin
467,453,outandin
467,464,outandin
467,542,outandin
467,568,outandin
483,351,outandin
483,476,outandin
483,499,incoming
483,568,outandin
25,44,outandin
25,110,outandin
25,131,outandin
25,250,outandin
25,351,outandin
25,379,outandin
25,409,outandin
25,531,incoming
25,584,outandin
44,45,outandin
44,86,incoming
44,156,outandin
44,196,outandin
44,242,outandin
44,250,outandin
44,299,outandin
44,484,outandin
44,504,outandin
44,572,outandin
44,584,outandin
110,166,outandin
110,196,outandin
110,311,outandin
110,326,outandin
110,389,outandin
110,522,outandin
131,173,outandin
131,174,incoming
131,290,outandin
131,439,outandin
131,540,outandin
131,545,outandin
250,290,incoming
250,338,outandin
250,351,outandin
250,504,outandin
250,588,outandin
351,49,incoming
351,109,outandin
351,168,outandin
351,176,outandin
351,182,outandin
351,266,outandin
351,456,outandin
351,519,outandin
351,533,outandin
379,57,outandin
379,86,outandin
379,153,outandin
379,219,outandin
379,241,outandin
379,376,outandin
379,389,outandin
379,433,outandin
379,508,outandin
409,242,outandin
409,326,outandin
409,384,outandin
409,389,outandin
409,476,outandin
409,512,outandin
409,522,outandin
409,572,incoming
409,584,outandin
531,145,outandin
531,173,outandin
531,181,outandin
531,210,outandin
531,267,outandin
531,308,outandin
531,404,outandin
531,439,outandin
584,45,outandin
584,174,outandin
584,242,outandin
584,311,incoming
584,405,outandin
584,434,outandin
584,448,outandin
584,484,outandin
584,572,outandin
26,29,outandin
26,100,incoming
26,106,outandin
26,162,incoming
26,355,outandin
26,407,outandin
26,500,outandin
26,507,incoming
29,87,outandin
29,183,outandin
100,101,incoming
100,136,outandin
100,142,outandin
100,146,outandin
100,239,outandin
100,266,outandin
100,359,outandin
100,453,outandin
100,461,outandin
100,500,outandin
106,114,outandin
106,183,outandin
106,241,outandin
106,572,outandin
106,599,outandin
162,62,outandin
162,85,outandin
162,136,incoming
162,224,outandin
162,237,outandin
355,70,outandin
355,114,outandin
355,136,incoming
355,183,outandin
355,246,outandin
355,461,outandin
355,488,outandin
355,599,outandin
407,135,outandin
407,478,outandin
500,86,outandin
500,87,outandin
500,142,outandin
500,156,outandin
500,159,outandin
500,237,outandin
500,282,outandin
500,359,outandin
507,237,outandin
507,241,outandin
507,276,incoming
507,450,outandin
128,127,outandin
128,296,incoming
128,369,outandin
128,534,outandin
528,200,outandin
528,530,outandin
528,573,outandin
573,96,outandin
573,127,outandin
573,296,outandin
573,342,outandin
573,425,outandin
573,453,incoming
66,39,outandin
66,46,outandin
66,96,outandin
66,117,outandin
66,138,outandin
66,222,outandin
66,249,outandin
66,309,outandin
66,331,outandin
66,363,outandin
332,30,outandin
332,46,outandin
332,69,outandin
332,151,outandin
332,392,outandin
332,411,incoming
332,439,outandin
332,492,incoming
413,55,outandin
413,232,outandin
413,249,outandin
413,314,outandin
413,426,outandin
413,429,incoming
413,446,outandin
413,508,outandin
413,553,outandin
563,96,outandin
563,197,outandin
563,222,outandin
563,344,outandin
563,411,incoming
563,492,outandin
87,61,outandin
87,94,outandin
87,393,incoming
87,512,outandin
87,565,outandin
87,586,incoming
183,114,outandin
183,136,outandin
183,239,outandin
183,241,incoming
183,359,incoming
183,381,outandin
30,70,outandin
30,170,incoming
30,211,outandin
30,319,outandin
30,342,outandin
30,358,outandin
30,362,outandin
30,427,outandin
30,478,outandin
30,513,outandin
30,591,outandin
70,98,outandin
70,223,outandin
70,357,outandin
70,382,outandin
70,388,outandin
70,390,outandin
70,470,outandin
170,53,outandin
170,159,outandin
170,206,outandin
170,220,outandin
170,474,outandin
170,486,outandin
211,43,outandin
211,51,outandin
211,98,outandin
211,99,outandin
211,120,incoming
211,138,outandin
211,182,outandin
211,291,outandin
211,319,outandin
211,382,incoming
211,465,outandin
319,37,outandin
319,99,outandin
319,213,outandin
319,292,incoming
319,296,outandin
319,366,outandin
319,444,outandin
319,592,outandin
342,60,outandin
342,381,outandin
342,478,outandin
342,509,outandin
358,159,outandin
358,168,outandin
358,189,outandin
358,305,outandin
358,372,outandin
358,543,outandin
358,551,outandin
362,98,outandin
362,99,outandin
362,104,outandin
362,184,outandin
362,220,outandin
362,306,outandin
362,465,outandin
362,474,outandin
427,51,outandin
427,120,outandin
427,177,outandin
427,306,outandin
427,333,outandin
427,390,outandin
478,53,outandin
478,86,outandin
478,154,outandin
478,200,outandin
478,333,outandin
478,591,incoming
513,78,outandin
513,264,outandin
513,421,incoming
513,520,outandin
591,120,incoming
591,154,outandin
591,292,outandin
591,357,incoming
591,372,outandin
591,430,outandin
591,506,outandin
62,45,outandin
62,96,outandin
62,117,outandin
62,151,outandin
62,249,outandin
62,273,outandin
62,281,outandin
62,434,outandin
166,138,outandin
166,215,outandin
166,249,outandin
166,344,outandin
166,347,outandin
197,117,outandin
197,130,outandin
197,151,outandin
197,219,outandin
197,281,outandin
197,417,outandin
197,522,outandin
101,93,outandin
101,321,outandin
101,406,outandin
101,599,outandin
216,93,outandin
216,154,outandin
216,449,outandin
461,114,outandin
461,239,outandin
461,540,outandin
572,174,outandin
572,308,outandin
572,588,outandin
85,81,outandin
85,228,outandin
85,245,outandin
85,305,outandin
85,469,outandin
349,220,outandin
349,270,outandin
349,390,outandin
349,425,outandin
349,444,outandin
349,486,outandin
349,543,outandin
470,37,outandin
470,51,outandin
470,104,outandin
470,306,outandin
470,392,outandin
470,474,outandin
470,486,outandin
543,48,incoming
543,51,outandin
543,104,outandin
543,154,outandin
543,382,outandin
543,486,outandin
590,304,outandin
590,310,outandin
590,320,outandin
590,364,outandin
590,448,incoming
590,481,outandin
81,50,outandin
81,122,outandin
81,245,outandin
81,310,outandin
81,320,outandin
81,389,outandin
81,396,outandin
96,39,outandin
96,42,outandin
96,215,outandin
96,249,outandin
96,281,outandin
96,437,outandin
96,492,outandin
387,296,outandin
387,297,outandin
387,396,outandin
387,401,incoming
387,412,outandin
388,84,outandin
388,98,outandin
388,223,outandin
388,270,outandin
388,337,outandin
388,366,outandin
388,465,outandin
388,474,outandin
388,486,outandin
412,50,outandin
412,245,outandin
412,270,outandin
412,297,outandin
412,359,outandin
412,448,outandin
469,54,outandin
469,206,outandin
469,291,outandin
469,345,outandin
469,364,incoming
469,428,outandin
480,136,outandin
480,305,outandin
480,320,outandin
480,428,incoming
594,37,outandin
594,113,outandin
594,300,outandin
594,438,incoming
135,476,outandin
321,142,outandin
321,237,outandin
321,276,outandin
321,519,outandin
321,588,outandin
142,148,outandin
234,80,outandin
234,148,outandin
234,237,outandin
234,239,outandin
234,357,outandin
241,86,outandin
241,148,outandin
241,276,outandin
241,335,outandin
511,146,outandin
511,217,outandin
511,246,outandin
511,273,outandin
511,449,outandin
37,98,outandin
37,104,outandin
37,120,outandin
37,223,outandin
37,335,outandin
37,390,outandin
37,444,outandin
37,465,outandin
98,53,outandin
98,159,outandin
98,201,outandin
98,223,outandin
98,295,outandin
104,53,outandin
104,55,outandin
104,120,outandin
104,184,outandin
104,365,outandin
104,390,outandin
104,430,incoming
120,84,outandin
120,282,outandin
120,345,outandin
120,474,outandin
223,84,outandin
223,357,outandin
223,582,outandin
335,71,outandin
335,105,outandin
335,152,outandin
335,161,outandin
335,269,outandin
335,278,outandin
335,295,outandin
335,560,outandin
335,586,outandin
390,51,outandin
390,53,incoming
390,201,outandin
390,220,outandin
390,306,outandin
390,357,outandin
444,48,outandin
444,84,outandin
444,533,outandin
465,201,incoming
465,213,outandin
465,256,outandin
465,282,outandin
465,292,outandin
465,366,outandin
465,494,outandin
465,551,incoming
189,47,outandin
189,476,outandin
189,546,incoming
214,42,outandin
214,127,outandin
214,240,outandin
214,453,outandin
214,534,outandin
315,179,outandin
315,224,outandin
315,456,incoming
343,94,outandin
343,229,outandin
343,253,outandin
343,468,incoming
343,533,outandin
344,90,outandin
344,154,outandin
344,172,outandin
344,222,outandin
344,249,outandin
344,273,outandin
344,311,outandin
344,346,outandin
344,436,outandin
344,437,outandin
452,202,outandin
452,253,outandin
452,255,outandin
452,460,outandin
452,509,outandin
452,568,outandin
509,108,outandin
509,163,outandin
509,180,outandin
509,255,outandin
509,405,outandin
509,567,incoming
39,150,outandin
39,299,outandin
39,329,outandin
39,369,incoming
39,556,outandin
150,80,outandin
150,102,outandin
150,121,outandin
150,381,outandin
150,556,outandin
299,86,outandin
299,90,outandin
299,97,outandin
299,145,outandin
299,439,outandin
299,522,outandin
299,540,outandin
299,588,outandin
329,80,outandin
329,244,outandin
329,287,outandin
329,451,outandin
329,494,incoming
329,517,outandin
369,168,outandin
369,338,outandin
369,556,incoming
369,592,outandin
556,109,outandin
556,256,outandin
556,314,outandin
556,494,outandin
82,181,incoming
82,292,outandin
82,338,outandin
82,439,outandin
82,484,outandin
82,540,outandin
164,57,incoming
164,97,outandin
164,145,incoming
164,173,incoming
164,174,outandin
164,181,outandin
164,210,outandin
164,248,incoming
164,311,outandin
196,68,outandin
196,169,incoming
196,228,outandin
196,311,outandin
196,338,outandin
196,376,outandin
196,404,outandin
196,439,outandin
196,574,outandin
248,57,outandin
248,90,outandin
248,174,outandin
248,210,outandin
248,389,outandin
248,422,outandin
248,504,outandin
248,520,outandin
248,540,outandin
248,545,outandin
248,582,outandin
308,45,outandin
308,86,outandin
308,218,outandin
308,389,outandin
308,422,outandin
308,433,outandin
308,439,outandin
308,574,outandin
311,45,incoming
311,57,outandin
311,84,outandin
311,86,incoming
311,228,outandin
311,522,incoming
338,57,outandin
338,169,outandin
338,181,outandin
338,228,outandin
338,588,outandin
389,393,outandin
389,456,outandin
389,522,outandin
484,61,outandin
484,97,outandin
484,270,outandin
522,55,outandin
522,326,outandin
522,540,outandin
78,141,outandin
78,167,outandin
78,229,outandin
78,293,outandin
78,300,outandin
78,416,outandin
167,48,outandin
167,99,outandin
167,113,outandin
167,141,outandin
167,231,incoming
167,520,outandin
167,566,outandin
179,76,outandin
179,177,outandin
179,267,outandin
179,508,outandin
179,519,incoming
300,124,outandin
300,298,incoming
337,269,outandin
337,347,outandin
337,451,outandin
337,533,outandin
347,77,outandin
347,113,outandin
520,191,outandin
520,394,outandin
520,438,incoming
520,451,outandin
592,80,outandin
592,121,outandin
42,108,outandin
42,453,outandin
42,546,incoming
42,568,outandin
108,172,outandin
108,476,outandin
108,534,outandin
108,542,outandin
453,180,outandin
453,200,incoming
453,546,outandin
546,219,outandin
546,365,outandin
546,464,outandin
546,476,outandin
568,47,outandin
568,255,outandin
568,267,incoming
568,393,outandin
568,426,outandin
568,460,outandin
43,261,outandin
43,494,outandin
261,61,outandin
261,217,outandin
261,256,outandin
261,313,outandin
261,340,outandin
261,565,incoming
261,586,outandin
494,121,incoming
494,264,outandin
494,314,outandin
45,173,outandin
45,181,outandin
45,258,incoming
45,290,outandin
45,404,outandin
45,405,outandin
45,422,outandin
86,145,outandin
86,156,outandin
86,258,outandin
86,404,outandin
86,588,outandin
156,210,outandin
156,304,outandin
156,504,outandin
156,545,outandin
156,588,outandin
242,145,outandin
242,174,outandin
242,181,outandin
242,405,outandin
242,545,outandin
242,588,outandin
504,153,outandin
504,181,outandin
504,258,outandin
504,393,outandin
504,439,outandin
173,57,outandin
173,210,outandin
173,326,outandin
173,439,outandin
181,97,outandin
181,153,outandin
181,174,outandin
181,376,outandin
181,588,incoming
258,97,outandin
258,172,outandin
258,404,incoming
258,422,outandin
258,439,outandin
290,153,outandin
290,326,outandin
290,433,outandin
290,540,incoming
290,545,outandin
404,169,incoming
404,376,outandin
404,405,outandin
404,433,outandin
405,326,incoming
405,376,outandin
405,426,outandin
422,228,outandin
46,151,outandin
46,215,outandin
46,246,outandin
46,346,outandin
46,365,outandin
46,417,incoming
46,492,outandin
151,215,outandin
151,222,outandin
151,417,incoming
215,243,outandin
215,249,outandin
215,281,outandin
215,417,outandin
246,124,outandin
246,249,outandin
346,138,outandin
346,305,outandin
346,549,outandin
365,49,outandin
365,208,incoming
365,281,outandin
365,446,incoming
365,533,outandin
365,596,outandin
417,80,incoming
417,119,outandin
417,154,outandin
417,273,outandin
417,309,outandin
417,434,outandin
417,570,incoming
492,243,outandin
492,249,outandin
492,411,outandin
492,437,outandin
47,122,outandin
47,127,outandin
47,180,outandin
47,381,outandin
47,534,outandin
122,297,outandin
122,419,incoming
122,455,outandin
127,180,outandin
127,200,outandin
127,267,outandin
180,219,outandin
180,460,incoming
381,440,outandin
534,253,outandin
534,255,incoming
534,296,outandin
534,476,incoming
48,154,outandin
48,201,outandin
48,213,outandin
48,551,outandin
154,271,outandin
154,474,outandin
201,84,incoming
201,293,outandin
201,382,outandin
201,430,outandin
201,438,outandin
201,474,outandin
213,243,outandin
213,292,outandin
213,553,outandin
551,159,outandin
551,184,outandin
551,220,outandin
551,292,incoming
551,366,outandin
551,486,outandin
49,51,outandin
49,76,outandin
49,91,outandin
49,97,incoming
49,266,outandin
49,277,outandin
49,283,outandin
51,99,outandin
51,121,outandin
51,282,outandin
51,292,outandin
51,305,outandin
51,430,outandin
51,560,outandin
76,109,outandin
76,287,incoming
76,354,outandin
91,109,outandin
91,182,incoming
91,229,outandin
91,247,outandin
91,283,outandin
91,456,outandin
97,57,outandin
97,240,outandin
266,176,outandin
266,232,incoming
266,247,incoming
266,456,outandin
266,468,outandin
277,68,outandin
277,396,outandin
277,425,outandin
277,440,outandin
283,55,outandin
283,186,outandin
283,229,outandin
283,247,outandin
283,446,outandin
283,554,outandin
50,54,outandin
50,488,incoming
54,222,outandin
54,245,outandin
54,310,outandin
54,514,outandin
488,206,outandin
488,245,incoming
488,297,outandin
488,395,outandin
488,401,outandin
488,428,outandin
488,562,outandin
99,282,incoming
99,292,outandin
99,333,outandin
99,357,outandin
99,382,outandin
99,460,outandin
121,264,outandin
282,159,outandin
282,306,incoming
282,382,outandin
292,220,outandin
292,382,outandin
305,306,incoming
305,372,outandin
305,486,outandin
430,114,outandin
430,186,outandin
430,270,outandin
430,306,outandin
430,333,outandin
430,474,outandin
430,525,outandin
430,526,outandin
560,161,incoming
560,217,outandin
560,262,outandin
560,269,outandin
560,304,outandin
560,380,outandin
560,384,outandin
560,450,outandin
145,376,outandin
145,434,outandin
145,439,outandin
145,540,outandin
210,153,outandin
210,553,outandin
574,57,incoming
574,326,outandin
588,416,outandin
588,545,outandin
53,84,outandin
53,224,outandin
53,357,outandin
53,372,incoming
53,474,outandin
84,184,incoming
84,220,outandin
84,357,outandin
84,372,outandin
224,94,outandin
224,176,outandin
224,177,outandin
357,306,incoming
357,448,outandin
357,464,outandin
372,220,outandin
372,474,outandin
474,270,outandin
474,366,outandin
222,117,outandin
222,169,outandin
222,363,outandin
245,271,outandin
310,174,outandin
310,396,outandin
310,428,incoming
514,68,outandin
514,105,outandin
514,291,outandin
514,295,outandin
514,297,outandin
514,428,outandin
514,448,outandin
514,530,outandin
55,445,outandin
55,508,incoming
55,519,outandin
445,168,outandin
445,218,outandin
445,506,outandin
508,446,outandin
508,456,outandin
508,533,outandin
508,553,outandin
519,95,outandin
519,112,outandin
519,119,outandin
519,423,outandin
519,518,outandin
69,117,outandin
69,172,outandin
69,356,outandin
69,411,outandin
69,437,outandin
191,113,incoming
191,401,outandin
191,438,outandin
191,512,outandin
356,117,outandin
356,229,outandin
356,243,outandin
356,363,outandin
356,434,outandin
57,309,outandin
57,433,outandin
309,255,outandin
433,153,outandin
433,169,outandin
433,228,outandin
433,326,outandin
433,545,outandin
58,161,incoming
58,276,outandin
58,304,outandin
58,331,outandin
58,340,incoming
58,421,outandin
58,450,outandin
58,578,outandin
161,278,outandin
161,295,outandin
161,380,outandin
161,384,outandin
161,586,outandin
161,596,outandin
304,71,outandin
304,324,outandin
304,416,outandin
304,596,outandin
331,278,outandin
331,384,outandin
331,540,outandin
331,549,outandin
340,105,outandin
340,152,outandin
340,256,outandin
340,269,incoming
340,380,outandin
340,384,outandin
340,410,outandin
421,298,outandin
421,394,outandin
421,582,outandin
450,71,outandin
450,262,incoming
450,271,incoming
578,60,outandin
578,137,outandin
578,152,outandin
578,256,outandin
578,278,incoming
578,324,outandin
578,384,outandin
578,567,outandin
117,281,outandin
117,423,outandin
117,570,incoming
313,71,outandin
313,186,incoming
313,354,outandin
313,416,outandin
313,512,outandin
448,297,outandin
60,464,incoming
464,114,outandin
464,392,outandin
61,198,outandin
61,271,outandin
61,384,outandin
61,406,outandin
61,586,incoming
198,137,outandin
198,152,outandin
198,186,outandin
198,262,outandin
198,586,outandin
271,152,outandin
271,449,outandin
271,554,outandin
271,565,outandin
384,105,outandin
384,152,outandin
384,256,outandin
384,269,outandin
406,200,outandin
406,380,incoming
586,348,outandin
249,243,incoming
249,363,outandin
249,570,outandin
434,411,outandin
434,570,outandin
80,517,outandin
244,95,outandin
244,186,outandin
244,264,incoming
244,436,outandin
244,440,outandin
244,517,outandin
114,359,outandin
253,94,outandin
253,219,outandin
253,255,outandin
253,440,incoming
506,112,outandin
506,229,outandin
506,240,outandin
506,366,outandin
506,423,outandin
506,446,outandin
506,518,outandin
138,243,outandin
138,363,outandin
364,562,outandin
395,77,outandin
395,218,outandin
395,297,outandin
395,320,outandin
395,396,outandin
395,562,outandin
455,68,outandin
455,206,outandin
455,320,outandin
68,291,outandin
68,401,outandin
291,562,outandin
401,428,outandin
172,112,outandin
172,392,outandin
172,549,outandin
382,159,outandin
71,182,outandin
71,278,outandin
71,426,outandin
182,232,outandin
182,376,outandin
182,456,incoming
182,518,outandin
278,102,outandin
278,186,outandin
278,354,outandin
426,255,outandin
426,410,outandin
426,476,outandin
426,542,outandin
348,186,outandin
348,354,outandin
348,512,outandin
348,549,outandin
410,416,incoming
410,549,outandin
549,137,outandin
549,200,outandin
549,256,outandin
549,269,outandin
549,354,outandin
549,416,outandin
90,200,outandin
90,481,outandin
136,146,outandin
148,599,outandin
359,93,outandin
359,456,outandin
264,95,outandin
109,112,outandin
109,177,outandin
109,429,incoming
287,112,outandin
287,376,outandin
287,429,outandin
287,446,outandin
287,533,outandin
354,397,outandin
77,141,outandin
77,298,incoming
141,112,outandin
141,130,outandin
141,231,outandin
141,495,outandin
298,293,outandin
298,394,incoming
298,533,outandin
229,208,outandin
229,394,outandin
229,423,outandin
229,429,outandin
229,468,outandin
229,475,incoming
229,553,outandin
229,554,outandin
293,124,incoming
416,262,outandin
416,295,outandin
416,393,outandin
416,527,outandin
416,596,outandin
428,396,outandin
428,481,outandin
562,296,outandin
599,237,outandin
599,239,incoming
599,449,incoming
320,396,outandin
439,153,outandin
439,174,incoming
439,228,outandin
200,163,incoming
200,296,outandin
200,314,outandin
200,476,outandin
200,567,outandin
499,219,outandin
499,567,outandin
184,159,outandin
184,220,incoming
220,239,outandin
220,306,outandin
220,333,outandin
220,486,incoming
228,153,incoming
94,237,outandin
94,247,outandin
94,468,outandin
393,295,incoming
512,262,outandin
512,306,outandin
512,324,outandin
565,177,outandin
565,217,outandin
565,527,outandin
345,124,incoming
345,475,outandin
345,481,incoming
345,566,outandin
345,582,outandin
130,481,outandin
451,113,outandin
451,146,outandin
451,231,outandin
451,481,outandin
451,545,incoming
481,446,outandin
481,526,outandin
247,119,outandin
247,446,outandin
247,468,outandin
93,95,outandin
449,256,outandin
95,102,outandin
95,202,outandin
95,570,outandin
237,146,outandin
468,119,outandin
468,518,outandin
468,533,incoming
468,554,outandin
102,436,outandin
202,219,incoming
570,169,outandin
240,119,outandin
240,446,outandin
159,270,incoming
159,306,incoming
159,333,outandin
159,366,outandin
295,153,outandin
295,380,outandin
295,527,outandin
333,366,outandin
333,486,incoming
460,137,outandin
460,255,outandin
460,267,outandin
460,419,outandin
460,530,outandin
219,425,outandin
219,542,outandin
219,567,outandin
105,262,outandin
105,527,outandin
262,169,outandin
262,217,outandin
262,397,outandin
262,527,outandin
527,380,outandin
527,596,outandin
582,475,outandin
476,255,outandin
476,425,outandin
476,542,outandin
542,255,outandin
112,177,outandin
112,218,outandin
177,176,outandin
177,218,incoming
177,324,outandin
177,518,outandin
429,119,outandin
326,376,incoming
269,217,outandin
269,256,outandin
218,208,outandin
113,397,outandin
113,475,incoming
113,566,outandin
397,163,outandin
397,380,outandin
397,596,incoming
475,231,incoming
475,525,outandin
475,526,outandin
566,438,outandin
206,297,outandin
423,119,outandin
423,446,outandin
119,553,outandin
553,168,outandin
553,232,outandin
553,533,outandin
553,554,outandin
176,446,outandin
176,554,outandin
438,495,outandin
267,530,outandin
296,169,outandin
296,440,outandin
526,495,incoming
174,554,outandin
152,596,outandin
446,208,outandin
137,380,outandin
376,169,outandin
366,486,outandin
208,314,outandin
518,533,outandin
